query_id,config,recall@5,mrr@5,ndcg@5
test2,config1_dense,1.0,1.0,1.0
test8,config1_dense,0.0,0.0,0.0
test13,config1_dense,1.0,0.333333,0.5
test14,config1_dense,1.0,1.0,1.0
test26,config1_dense,1.0,1.0,1.0
test29,config1_dense,0.0,0.0,0.0
test32,config1_dense,0.0,0.0,0.0
test38,config1_dense,0.0,0.0,0.0
test39,config1_dense,1.0,0.5,0.63093
test47,config1_dense,1.0,1.0,1.0
test60,config1_dense,1.0,0.2,0.386853
test79,config1_dense,1.0,1.0,1.0
test86,config1_dense,1.0,1.0,1.0
test102,config1_dense,0.0,0.0,0.0
test108,config1_dense,1.0,0.25,0.430677
test122,config1_dense,1.0,1.0,1.0
test128,config1_dense,1.0,0.2,0.386853
test130,config1_dense,0.5,0.5,0.386853
test131,config1_dense,1.0,0.5,0.63093
test147,config1_dense,1.0,0.25,0.430677
test162,config1_dense,1.0,1.0,1.0
test163,config1_dense,0.0,0.0,0.0
test171,config1_dense,1.0,0.5,0.63093
test177,config1_dense,1.0,1.0,1.0
test180,config1_dense,1.0,0.2,0.386853
test187,config1_dense,1.0,1.0,1.0
test192,config1_dense,0.5,1.0,0.613147
test205,config1_dense,0.5,0.5,0.386853
test207,config1_dense,1.0,0.333333,0.5
test208,config1_dense,1.0,1.0,1.0
test221,config1_dense,0.5,1.0,0.613147
test229,config1_dense,0.0,0.0,0.0
test232,config1_dense,0.5,1.0,0.613147
test234,config1_dense,1.0,0.5,0.63093
test237,config1_dense,1.0,0.2,0.386853
test239,config1_dense,1.0,0.5,0.693426
test240,config1_dense,0.5,0.25,0.264068
test241,config1_dense,1.0,0.5,0.650921
test248,config1_dense,1.0,1.0,1.0
test249,config1_dense,0.333333,0.25,0.202107
test260,config1_dense,0.0,0.0,0.0
test262,config1_dense,0.0,0.0,0.0
test271,config1_dense,0.0,0.0,0.0
test276,config1_dense,1.0,0.5,0.63093
test278,config1_dense,0.5,1.0,0.613147
test280,config1_dense,1.0,1.0,1.0
test281,config1_dense,0.5,0.5,0.386853
test283,config1_dense,0.5,1.0,0.613147
test284,config1_dense,1.0,0.25,0.430677
test290,config1_dense,1.0,1.0,1.0
test292,config1_dense,0.0,0.0,0.0
test297,config1_dense,1.0,1.0,1.0
test300,config1_dense,0.0,0.0,0.0
test308,config1_dense,1.0,1.0,1.0
test322,config1_dense,1.0,1.0,1.0
test326,config1_dense,1.0,1.0,1.0
test328,config1_dense,1.0,0.333333,0.5
test335,config1_dense,0.5,1.0,0.613147
test350,config1_dense,1.0,0.333333,0.5
test356,config1_dense,0.0,0.0,0.0
test372,config1_dense,1.0,1.0,1.0
test378,config1_dense,1.0,0.25,0.430677
test379,config1_dense,1.0,1.0,1.0
test382,config1_dense,0.666667,1.0,0.765361
test383,config1_dense,1.0,1.0,1.0
test386,config1_dense,0.0,0.0,0.0
test396,config1_dense,1.0,0.5,0.63093
test397,config1_dense,1.0,1.0,1.0
test401,config1_dense,0.75,1.0,0.80481
test403,config1_dense,1.0,0.5,0.63093
test409,config1_dense,0.0,0.0,0.0
test413,config1_dense,1.0,0.2,0.386853
test418,config1_dense,1.0,0.2,0.386853
test419,config1_dense,1.0,0.5,0.63093
test421,config1_dense,1.0,1.0,1.0
test424,config1_dense,0.0,0.0,0.0
test435,config1_dense,1.0,1.0,1.0
test438,config1_dense,0.5,1.0,0.613147
test447,config1_dense,0.333333,1.0,0.469279
test449,config1_dense,0.0,0.0,0.0
test456,config1_dense,1.0,1.0,1.0
test458,config1_dense,1.0,1.0,1.0
test469,config1_dense,1.0,1.0,0.877215
test472,config1_dense,1.0,1.0,1.0
test491,config1_dense,1.0,0.333333,0.5
test495,config1_dense,1.0,1.0,1.0
test511,config1_dense,1.0,1.0,1.0
test515,config1_dense,1.0,0.25,0.430677
test522,config1_dense,1.0,0.25,0.430677
test525,config1_dense,0.5,1.0,0.613147
test535,config1_dense,0.5,0.25,0.264068
test536,config1_dense,0.0,0.0,0.0
test541,config1_dense,1.0,1.0,1.0
test542,config1_dense,0.0,0.0,0.0
test550,config1_dense,0.0,0.0,0.0
test566,config1_dense,1.0,1.0,1.0
test571,config1_dense,0.5,1.0,0.613147
test574,config1_dense,1.0,0.5,0.693426
test585,config1_dense,1.0,1.0,1.0
test606,config1_dense,0.0,0.0,0.0
test610,config1_dense,1.0,0.333333,0.5
test626,config1_dense,0.0,0.0,0.0
test634,config1_dense,0.0,0.0,0.0
test636,config1_dense,0.0,0.0,0.0
test644,config1_dense,1.0,0.333333,0.5
test646,config1_dense,1.0,0.5,0.63093
test647,config1_dense,1.0,1.0,1.0
test653,config1_dense,1.0,1.0,1.0
test655,config1_dense,0.0,0.0,0.0
test661,config1_dense,1.0,0.2,0.386853
test666,config1_dense,0.5,0.25,0.264068
test669,config1_dense,0.0,0.0,0.0
test674,config1_dense,0.0,0.0,0.0
test676,config1_dense,1.0,1.0,0.852928
test681,config1_dense,1.0,0.333333,0.5
test700,config1_dense,1.0,1.0,1.0
test731,config1_dense,0.0,0.0,0.0
test751,config1_dense,1.0,1.0,1.0
test761,config1_dense,0.0,0.0,0.0
test777,config1_dense,0.0,0.0,0.0
test779,config1_dense,0.0,0.0,0.0
test784,config1_dense,1.0,1.0,1.0
test787,config1_dense,0.0,0.0,0.0
test814,config1_dense,1.0,0.333333,0.5
test823,config1_dense,1.0,1.0,1.0
test833,config1_dense,0.0,0.0,0.0
test836,config1_dense,1.0,0.333333,0.5
test858,config1_dense,1.0,1.0,1.0
test860,config1_dense,0.0,0.0,0.0
test862,config1_dense,1.0,1.0,1.0
test864,config1_dense,0.0,0.0,0.0
test867,config1_dense,1.0,0.5,0.63093
test870,config1_dense,1.0,1.0,1.0
test873,config1_dense,1.0,1.0,1.0
test875,config1_dense,1.0,0.333333,0.5
test877,config1_dense,0.0,0.0,0.0
test881,config1_dense,1.0,1.0,1.0
test891,config1_dense,1.0,0.25,0.430677
test895,config1_dense,1.0,1.0,0.877215
test898,config1_dense,0.0,0.0,0.0
test899,config1_dense,1.0,1.0,1.0
test902,config1_dense,0.0,0.0,0.0
test914,config1_dense,1.0,1.0,1.0
test920,config1_dense,1.0,0.5,0.63093
test933,config1_dense,0.0,0.0,0.0
test937,config1_dense,1.0,0.25,0.430677
test938,config1_dense,1.0,0.5,0.63093
test942,config1_dense,0.5,1.0,0.636682
test952,config1_dense,1.0,1.0,1.0
test953,config1_dense,1.0,1.0,1.0
test963,config1_dense,0.0,0.0,0.0
test968,config1_dense,1.0,0.5,0.63093
test974,config1_dense,0.0,0.0,0.0
test977,config1_dense,0.0,0.0,0.0
test980,config1_dense,1.0,0.5,0.63093
test986,config1_dense,0.0,0.0,0.0
test995,config1_dense,0.0,0.0,0.0
test1000,config1_dense,1.0,1.0,1.0
test1002,config1_dense,0.0,0.0,0.0
test1003,config1_dense,1.0,1.0,1.0
test1008,config1_dense,1.0,1.0,1.0
test1010,config1_dense,0.0,0.0,0.0
test1015,config1_dense,1.0,1.0,1.0
test1018,config1_dense,0.5,0.5,0.386853
test1022,config1_dense,0.5,1.0,0.613147
test1023,config1_dense,0.5,0.333333,0.306574
test1028,config1_dense,0.0,0.0,0.0
test1029,config1_dense,1.0,1.0,0.877215
test1068,config1_dense,0.0,0.0,0.0
test1072,config1_dense,1.0,1.0,1.0
test1076,config1_dense,1.0,1.0,1.0
test1078,config1_dense,1.0,0.5,0.63093
test1081,config1_dense,1.0,1.0,1.0
test1083,config1_dense,0.5,0.25,0.264068
test1084,config1_dense,1.0,1.0,1.0
test1085,config1_dense,1.0,0.333333,0.5
test1086,config1_dense,1.0,1.0,1.0
test1087,config1_dense,0.0,0.0,0.0
test1092,config1_dense,1.0,1.0,1.0
test1093,config1_dense,1.0,1.0,1.0
test1096,config1_dense,1.0,1.0,0.877215
test1105,config1_dense,1.0,1.0,1.0
test1115,config1_dense,0.0,0.0,0.0
test1126,config1_dense,0.333333,1.0,0.469279
test1133,config1_dense,0.0,0.0,0.0
test1138,config1_dense,0.0,0.0,0.0
test1139,config1_dense,1.0,1.0,1.0
test1140,config1_dense,1.0,1.0,1.0
test1154,config1_dense,0.0,0.0,0.0
test1167,config1_dense,1.0,0.5,0.63093
test1168,config1_dense,1.0,1.0,1.0
test1185,config1_dense,1.0,1.0,1.0
test1200,config1_dense,1.0,1.0,1.0
test1202,config1_dense,0.0,0.0,0.0
test1215,config1_dense,1.0,1.0,1.0
test1222,config1_dense,0.0,0.0,0.0
test1226,config1_dense,1.0,1.0,1.0
test1228,config1_dense,1.0,0.2,0.386853
test1239,config1_dense,1.0,1.0,1.0
test1259,config1_dense,1.0,0.5,0.63093
test1262,config1_dense,1.0,1.0,1.0
test1276,config1_dense,1.0,1.0,1.0
test1284,config1_dense,0.0,0.0,0.0
test1286,config1_dense,1.0,1.0,1.0
test1288,config1_dense,1.0,0.25,0.430677
test1292,config1_dense,1.0,0.5,0.63093
test1295,config1_dense,0.0,0.0,0.0
test1327,config1_dense,0.0,0.0,0.0
test1328,config1_dense,0.666667,0.25,0.383649
test1353,config1_dense,1.0,0.333333,0.5
test1366,config1_dense,0.0,0.0,0.0
test1378,config1_dense,0.5,0.333333,0.306574
test1384,config1_dense,1.0,1.0,1.0
test1389,config1_dense,0.0,0.0,0.0
test1393,config1_dense,0.5,0.25,0.264068
test1404,config1_dense,1.0,1.0,1.0
test1408,config1_dense,0.0,0.0,0.0
test1429,config1_dense,1.0,1.0,1.0
test1448,config1_dense,1.0,0.333333,0.5
test1451,config1_dense,0.666667,1.0,0.671386
test1455,config1_dense,1.0,1.0,0.877215
test1465,config1_dense,1.0,1.0,1.0
test1470,config1_dense,0.5,1.0,0.613147
test1481,config1_dense,1.0,1.0,1.0
test1482,config1_dense,0.5,1.0,0.613147
test1486,config1_dense,1.0,1.0,1.0
test1493,config1_dense,0.0,0.0,0.0
test1494,config1_dense,1.0,0.25,0.430677
test1512,config1_dense,1.0,0.5,0.624051
test1513,config1_dense,0.0,0.0,0.0
test1516,config1_dense,0.5,0.25,0.264068
test1529,config1_dense,1.0,1.0,1.0
test1531,config1_dense,0.0,0.0,0.0
test1550,config1_dense,0.0,0.0,0.0
test1552,config1_dense,1.0,0.5,0.63093
test1554,config1_dense,1.0,0.5,0.63093
test1556,config1_dense,1.0,1.0,1.0
test1563,config1_dense,1.0,1.0,1.0
test1576,config1_dense,1.0,0.5,0.63093
test1599,config1_dense,0.0,0.0,0.0
test1620,config1_dense,1.0,1.0,1.0
test1621,config1_dense,0.0,0.0,0.0
test1634,config1_dense,1.0,1.0,1.0
test1635,config1_dense,0.5,1.0,0.613147
test1642,config1_dense,1.0,1.0,1.0
test1643,config1_dense,0.0,0.0,0.0
test1649,config1_dense,1.0,1.0,1.0
test1653,config1_dense,1.0,1.0,1.0
test1664,config1_dense,1.0,1.0,0.877215
test1667,config1_dense,0.333333,0.5,0.296082
test1683,config1_dense,0.0,0.0,0.0
test1717,config1_dense,0.0,0.0,0.0
test1718,config1_dense,0.0,0.0,0.0
test1728,config1_dense,0.0,0.0,0.0
test1729,config1_dense,1.0,1.0,1.0
test1731,config1_dense,0.0,0.0,0.0
test1732,config1_dense,0.0,0.0,0.0
test1733,config1_dense,1.0,0.2,0.386853
test1734,config1_dense,1.0,1.0,1.0
test1751,config1_dense,0.5,0.5,0.386853
test1754,config1_dense,0.0,0.0,0.0
test1760,config1_dense,0.0,0.0,0.0
test1765,config1_dense,0.0,0.0,0.0
test1780,config1_dense,1.0,1.0,0.877215
test1794,config1_dense,1.0,1.0,1.0
test1809,config1_dense,1.0,0.25,0.430677
test1815,config1_dense,0.0,0.0,0.0
test1837,config1_dense,1.0,1.0,1.0
test1839,config1_dense,0.5,0.5,0.386853
test1849,config1_dense,1.0,0.5,0.63093
test1857,config1_dense,0.0,0.0,0.0
test1858,config1_dense,1.0,1.0,1.0
test1863,config1_dense,1.0,1.0,0.877215
test1872,config1_dense,0.0,0.0,0.0
test1877,config1_dense,1.0,1.0,1.0
test1879,config1_dense,1.0,0.5,0.732829
test1881,config1_dense,1.0,0.25,0.430677
test1893,config1_dense,1.0,0.5,0.63093
test1894,config1_dense,0.0,0.0,0.0
test1912,config1_dense,1.0,1.0,1.0
test1917,config1_dense,1.0,1.0,1.0
test1936,config1_dense,1.0,1.0,1.0
test1937,config1_dense,1.0,1.0,1.0
test1946,config1_dense,0.0,0.0,0.0
test1952,config1_dense,1.0,1.0,0.919721
test1971,config1_dense,1.0,0.333333,0.5
test1988,config1_dense,1.0,0.5,0.63093
test1989,config1_dense,0.0,0.0,0.0
test1990,config1_dense,1.0,1.0,1.0
test1993,config1_dense,0.0,0.0,0.0
test2001,config1_dense,0.0,0.0,0.0
test2021,config1_dense,0.5,1.0,0.613147
test2044,config1_dense,1.0,0.5,0.63093
test2050,config1_dense,0.0,0.0,0.0
test2059,config1_dense,0.0,0.0,0.0
test2069,config1_dense,1.0,0.5,0.63093
test2070,config1_dense,1.0,1.0,1.0
test2072,config1_dense,1.0,0.5,0.63093
test2079,config1_dense,1.0,1.0,1.0
test2080,config1_dense,0.0,0.0,0.0
test2087,config1_dense,1.0,0.333333,0.5
test2105,config1_dense,0.0,0.0,0.0
test2119,config1_dense,1.0,1.0,1.0
test2141,config1_dense,0.0,0.0,0.0
test2161,config1_dense,0.0,0.0,0.0
test2166,config1_dense,0.0,0.0,0.0
test2167,config1_dense,0.0,0.0,0.0
test2172,config1_dense,1.0,1.0,1.0
test2175,config1_dense,1.0,1.0,1.0
test2181,config1_dense,1.0,0.2,0.386853
test2187,config1_dense,1.0,1.0,1.0
test2196,config1_dense,1.0,0.5,0.63093
test2199,config1_dense,1.0,0.5,0.63093
test2202,config1_dense,1.0,0.5,0.63093
test2207,config1_dense,0.5,0.2,0.237198
test2208,config1_dense,0.0,0.0,0.0
test2209,config1_dense,0.0,0.0,0.0
test2214,config1_dense,1.0,1.0,0.919721
test2220,config1_dense,1.0,0.5,0.63093
test2225,config1_dense,1.0,0.2,0.386853
test2232,config1_dense,0.0,0.0,0.0
test2233,config1_dense,1.0,1.0,1.0
test2234,config1_dense,0.0,0.0,0.0
test2251,config1_dense,0.0,0.0,0.0
test2254,config1_dense,1.0,1.0,1.0
test2259,config1_dense,0.0,0.0,0.0
test2261,config1_dense,0.5,0.5,0.386853
test2263,config1_dense,1.0,1.0,1.0
test2266,config1_dense,1.0,1.0,0.919721
test2268,config1_dense,1.0,1.0,1.0
test2271,config1_dense,1.0,1.0,1.0
test2276,config1_dense,1.0,1.0,1.0
test2281,config1_dense,1.0,1.0,1.0
test2293,config1_dense,1.0,0.25,0.430677
test2297,config1_dense,1.0,1.0,1.0
test2298,config1_dense,1.0,1.0,1.0
test2299,config1_dense,1.0,1.0,1.0
test2306,config1_dense,1.0,1.0,1.0
test2315,config1_dense,0.0,0.0,0.0
test2323,config1_dense,1.0,0.2,0.386853
test2333,config1_dense,0.0,0.0,0.0
test2338,config1_dense,1.0,0.5,0.63093
test2360,config1_dense,0.0,0.0,0.0
test2364,config1_dense,0.0,0.0,0.0
test2371,config1_dense,1.0,1.0,1.0
test2372,config1_dense,1.0,1.0,1.0
test2385,config1_dense,1.0,1.0,1.0
test2390,config1_dense,1.0,1.0,1.0
test2392,config1_dense,0.0,0.0,0.0
test2394,config1_dense,0.0,0.0,0.0
test2409,config1_dense,0.0,0.0,0.0
test2410,config1_dense,1.0,0.333333,0.5
test2413,config1_dense,1.0,1.0,1.0
test2418,config1_dense,1.0,1.0,0.919721
test2435,config1_dense,1.0,0.25,0.430677
test2437,config1_dense,0.0,0.0,0.0
test2440,config1_dense,0.0,0.0,0.0
test2442,config1_dense,1.0,1.0,1.0
test2453,config1_dense,1.0,1.0,1.0
test2465,config1_dense,0.0,0.0,0.0
test2472,config1_dense,1.0,0.333333,0.5
test2477,config1_dense,0.0,0.0,0.0
test2484,config1_dense,1.0,0.333333,0.5
test2494,config1_dense,0.0,0.0,0.0
test2495,config1_dense,0.0,0.0,0.0
test2505,config1_dense,0.0,0.0,0.0
test2533,config1_dense,0.0,0.0,0.0
test2536,config1_dense,0.5,0.5,0.386853
test2544,config1_dense,0.333333,0.5,0.296082
test2561,config1_dense,1.0,0.5,0.63093
test2570,config1_dense,1.0,0.2,0.386853
test2574,config1_dense,1.0,1.0,1.0
test2584,config1_dense,0.0,0.0,0.0
test2597,config1_dense,0.0,0.0,0.0
test2598,config1_dense,1.0,1.0,1.0
test2600,config1_dense,1.0,1.0,1.0
test2603,config1_dense,0.0,0.0,0.0
test2609,config1_dense,1.0,1.0,1.0
test2617,config1_dense,1.0,0.333333,0.5
test2619,config1_dense,1.0,1.0,1.0
test2621,config1_dense,1.0,0.333333,0.5
test2625,config1_dense,1.0,0.25,0.501266
test2633,config1_dense,1.0,1.0,1.0
test2643,config1_dense,0.5,0.333333,0.306574
test2646,config1_dense,0.0,0.0,0.0
test2654,config1_dense,1.0,0.5,0.63093
test2661,config1_dense,0.5,1.0,0.613147
test2671,config1_dense,0.0,0.0,0.0
test2676,config1_dense,0.0,0.0,0.0
test2678,config1_dense,1.0,0.333333,0.5
test2684,config1_dense,1.0,0.5,0.63093
test2692,config1_dense,1.0,1.0,1.0
test2699,config1_dense,1.0,1.0,1.0
test2702,config1_dense,0.0,0.0,0.0
test2708,config1_dense,1.0,0.5,0.63093
test2711,config1_dense,0.5,1.0,0.613147
test2717,config1_dense,0.0,0.0,0.0
test2731,config1_dense,0.0,0.0,0.0
test2735,config1_dense,0.5,0.333333,0.306574
test2740,config1_dense,0.0,0.0,0.0
test2743,config1_dense,1.0,1.0,1.0
test2745,config1_dense,0.0,0.0,0.0
test2751,config1_dense,1.0,1.0,1.0
test2758,config1_dense,1.0,1.0,1.0
test2765,config1_dense,1.0,0.25,0.430677
test2771,config1_dense,1.0,1.0,1.0
test2786,config1_dense,1.0,0.5,0.63093
test2787,config1_dense,0.0,0.0,0.0
test2792,config1_dense,1.0,1.0,1.0
test2793,config1_dense,1.0,0.2,0.386853
test2799,config1_dense,1.0,1.0,1.0
test2804,config1_dense,1.0,0.5,0.63093
test2815,config1_dense,1.0,0.333333,0.5
test2818,config1_dense,0.5,0.5,0.386853
test2825,config1_dense,1.0,1.0,1.0
test2830,config1_dense,1.0,0.5,0.63093
test2853,config1_dense,1.0,1.0,1.0
test2859,config1_dense,1.0,0.5,0.63093
test2872,config1_dense,1.0,1.0,1.0
test2874,config1_dense,1.0,0.5,0.63093
test2881,config1_dense,1.0,1.0,1.0
test2885,config1_dense,1.0,1.0,1.0
test2890,config1_dense,1.0,1.0,1.0
test2899,config1_dense,1.0,1.0,1.0
test2920,config1_dense,1.0,0.333333,0.5
test2932,config1_dense,0.0,0.0,0.0
test2933,config1_dense,0.0,0.0,0.0
test2939,config1_dense,0.0,0.0,0.0
test2940,config1_dense,0.0,0.0,0.0
test2942,config1_dense,0.0,0.0,0.0
test2947,config1_dense,0.0,0.0,0.0
test2952,config1_dense,0.0,0.0,0.0
test2957,config1_dense,0.0,0.0,0.0
test2962,config1_dense,0.0,0.0,0.0
test2982,config1_dense,0.0,0.0,0.0
test2986,config1_dense,0.0,0.0,0.0
test2988,config1_dense,0.0,0.0,0.0
test2989,config1_dense,0.0,0.0,0.0
test2992,config1_dense,0.0,0.0,0.0
test2997,config1_dense,0.0,0.0,0.0
test3013,config1_dense,0.0,0.0,0.0
test3016,config1_dense,0.0,0.0,0.0
test3033,config1_dense,0.0,0.0,0.0
test3037,config1_dense,0.0,0.0,0.0
test3051,config1_dense,0.0,0.0,0.0
test3059,config1_dense,0.0,0.0,0.0
test3063,config1_dense,0.0,0.0,0.0
test3075,config1_dense,0.0,0.0,0.0
test3086,config1_dense,0.0,0.0,0.0
test3093,config1_dense,0.0,0.0,0.0
test3095,config1_dense,0.0,0.0,0.0
test3108,config1_dense,0.0,0.0,0.0
test3110,config1_dense,0.0,0.0,0.0
test3115,config1_dense,0.0,0.0,0.0
test3120,config1_dense,0.0,0.0,0.0
test3123,config1_dense,0.0,0.0,0.0
test3127,config1_dense,0.0,0.0,0.0
test3132,config1_dense,0.0,0.0,0.0
test3136,config1_dense,0.0,0.0,0.0
test3147,config1_dense,0.0,0.0,0.0
test3148,config1_dense,0.0,0.0,0.0
test3157,config1_dense,0.0,0.0,0.0
test3163,config1_dense,0.0,0.0,0.0
test3166,config1_dense,0.0,0.0,0.0
test3176,config1_dense,0.0,0.0,0.0
test3178,config1_dense,0.0,0.0,0.0
test3187,config1_dense,0.0,0.0,0.0
test3189,config1_dense,0.0,0.0,0.0
test3202,config1_dense,0.0,0.0,0.0
test3205,config1_dense,0.0,0.0,0.0
test3213,config1_dense,0.0,0.0,0.0
test3239,config1_dense,0.0,0.0,0.0
test3241,config1_dense,0.0,0.0,0.0
test3244,config1_dense,0.0,0.0,0.0
test3248,config1_dense,0.0,0.0,0.0
test3259,config1_dense,0.0,0.0,0.0
test3261,config1_dense,0.0,0.0,0.0
test3283,config1_dense,0.0,0.0,0.0
test3297,config1_dense,0.0,0.0,0.0
test3300,config1_dense,0.0,0.0,0.0
test3305,config1_dense,0.0,0.0,0.0
test3308,config1_dense,0.0,0.0,0.0
test3311,config1_dense,0.0,0.0,0.0
test3315,config1_dense,0.0,0.0,0.0
test3328,config1_dense,0.0,0.0,0.0
test3334,config1_dense,0.0,0.0,0.0
test3351,config1_dense,0.0,0.0,0.0
test3388,config1_dense,0.0,0.0,0.0
test3391,config1_dense,0.0,0.0,0.0
test3396,config1_dense,0.0,0.0,0.0
test3401,config1_dense,0.0,0.0,0.0
test3407,config1_dense,0.0,0.0,0.0
test3408,config1_dense,0.0,0.0,0.0
test3409,config1_dense,0.0,0.0,0.0
test3420,config1_dense,0.0,0.0,0.0
test3424,config1_dense,0.0,0.0,0.0
test3426,config1_dense,0.0,0.0,0.0
test3436,config1_dense,0.0,0.0,0.0
test3444,config1_dense,0.0,0.0,0.0
test3450,config1_dense,0.0,0.0,0.0
test2,config2_dense_rerank,1.0,1.0,1.0
test8,config2_dense_rerank,0.0,0.0,0.0
test13,config2_dense_rerank,1.0,0.333333,0.5
test14,config2_dense_rerank,1.0,0.25,0.430677
test26,config2_dense_rerank,1.0,1.0,1.0
test29,config2_dense_rerank,0.0,0.0,0.0
test32,config2_dense_rerank,0.5,1.0,0.613147
test38,config2_dense_rerank,0.0,0.0,0.0
test39,config2_dense_rerank,0.0,0.0,0.0
test47,config2_dense_rerank,1.0,1.0,1.0
test60,config2_dense_rerank,1.0,1.0,1.0
test79,config2_dense_rerank,1.0,1.0,1.0
test86,config2_dense_rerank,1.0,0.333333,0.5
test102,config2_dense_rerank,0.0,0.0,0.0
test108,config2_dense_rerank,1.0,1.0,1.0
test122,config2_dense_rerank,1.0,0.5,0.63093
test128,config2_dense_rerank,1.0,0.5,0.63093
test130,config2_dense_rerank,0.5,1.0,0.613147
test131,config2_dense_rerank,0.0,0.0,0.0
test147,config2_dense_rerank,1.0,1.0,1.0
test162,config2_dense_rerank,1.0,1.0,1.0
test163,config2_dense_rerank,0.0,0.0,0.0
test171,config2_dense_rerank,1.0,1.0,1.0
test177,config2_dense_rerank,1.0,1.0,1.0
test180,config2_dense_rerank,1.0,1.0,1.0
test187,config2_dense_rerank,1.0,1.0,1.0
test192,config2_dense_rerank,0.5,1.0,0.613147
test205,config2_dense_rerank,1.0,0.333333,0.570642
test207,config2_dense_rerank,1.0,1.0,1.0
test208,config2_dense_rerank,1.0,0.5,0.63093
test221,config2_dense_rerank,1.0,1.0,1.0
test229,config2_dense_rerank,1.0,0.2,0.386853
test232,config2_dense_rerank,1.0,0.5,0.693426
test234,config2_dense_rerank,0.0,0.0,0.0
test237,config2_dense_rerank,1.0,1.0,1.0
test239,config2_dense_rerank,0.5,0.2,0.237198
test240,config2_dense_rerank,0.0,0.0,0.0
test241,config2_dense_rerank,1.0,0.5,0.650921
test248,config2_dense_rerank,1.0,1.0,1.0
test249,config2_dense_rerank,0.333333,1.0,0.469279
test260,config2_dense_rerank,0.0,0.0,0.0
test262,config2_dense_rerank,1.0,1.0,1.0
test271,config2_dense_rerank,1.0,1.0,1.0
test276,config2_dense_rerank,1.0,0.333333,0.5
test278,config2_dense_rerank,0.5,0.5,0.386853
test280,config2_dense_rerank,1.0,1.0,1.0
test281,config2_dense_rerank,1.0,1.0,1.0
test283,config2_dense_rerank,1.0,1.0,0.850345
test284,config2_dense_rerank,1.0,0.2,0.386853
test290,config2_dense_rerank,1.0,1.0,1.0
test292,config2_dense_rerank,1.0,0.5,0.63093
test297,config2_dense_rerank,1.0,0.5,0.63093
test300,config2_dense_rerank,1.0,1.0,1.0
test308,config2_dense_rerank,1.0,1.0,1.0
test322,config2_dense_rerank,1.0,1.0,1.0
test326,config2_dense_rerank,1.0,1.0,1.0
test328,config2_dense_rerank,1.0,1.0,1.0
test335,config2_dense_rerank,1.0,1.0,0.850345
test350,config2_dense_rerank,1.0,1.0,1.0
test356,config2_dense_rerank,1.0,0.25,0.430677
test372,config2_dense_rerank,1.0,1.0,1.0
test378,config2_dense_rerank,1.0,0.5,0.63093
test379,config2_dense_rerank,1.0,1.0,1.0
test382,config2_dense_rerank,1.0,1.0,1.0
test383,config2_dense_rerank,1.0,1.0,1.0
test386,config2_dense_rerank,1.0,0.2,0.386853
test396,config2_dense_rerank,0.0,0.0,0.0
test397,config2_dense_rerank,1.0,1.0,1.0
test401,config2_dense_rerank,1.0,1.0,1.0
test403,config2_dense_rerank,1.0,0.5,0.63093
test409,config2_dense_rerank,0.0,0.0,0.0
test413,config2_dense_rerank,1.0,0.5,0.63093
test418,config2_dense_rerank,1.0,0.5,0.63093
test419,config2_dense_rerank,1.0,1.0,1.0
test421,config2_dense_rerank,1.0,1.0,1.0
test424,config2_dense_rerank,0.0,0.0,0.0
test435,config2_dense_rerank,1.0,1.0,1.0
test438,config2_dense_rerank,0.5,1.0,0.613147
test447,config2_dense_rerank,0.333333,0.5,0.296082
test449,config2_dense_rerank,0.0,0.0,0.0
test456,config2_dense_rerank,1.0,1.0,1.0
test458,config2_dense_rerank,1.0,1.0,1.0
test469,config2_dense_rerank,0.5,1.0,0.613147
test472,config2_dense_rerank,1.0,1.0,1.0
test491,config2_dense_rerank,1.0,1.0,1.0
test495,config2_dense_rerank,0.5,0.333333,0.306574
test511,config2_dense_rerank,1.0,0.5,0.63093
test515,config2_dense_rerank,0.0,0.0,0.0
test522,config2_dense_rerank,1.0,1.0,1.0
test525,config2_dense_rerank,1.0,0.5,0.693426
test535,config2_dense_rerank,0.5,1.0,0.613147
test536,config2_dense_rerank,1.0,1.0,1.0
test541,config2_dense_rerank,1.0,1.0,1.0
test542,config2_dense_rerank,0.5,0.2,0.237198
test550,config2_dense_rerank,0.0,0.0,0.0
test566,config2_dense_rerank,1.0,1.0,1.0
test571,config2_dense_rerank,0.5,1.0,0.613147
test574,config2_dense_rerank,0.5,1.0,0.613147
test585,config2_dense_rerank,1.0,1.0,1.0
test606,config2_dense_rerank,0.0,0.0,0.0
test610,config2_dense_rerank,1.0,0.5,0.63093
test626,config2_dense_rerank,0.0,0.0,0.0
test634,config2_dense_rerank,0.0,0.0,0.0
test636,config2_dense_rerank,0.0,0.0,0.0
test644,config2_dense_rerank,1.0,1.0,1.0
test646,config2_dense_rerank,1.0,0.333333,0.5
test647,config2_dense_rerank,1.0,0.2,0.386853
test653,config2_dense_rerank,1.0,1.0,1.0
test655,config2_dense_rerank,1.0,0.5,0.63093
test661,config2_dense_rerank,1.0,1.0,1.0
test666,config2_dense_rerank,0.5,0.333333,0.306574
test669,config2_dense_rerank,0.0,0.0,0.0
test674,config2_dense_rerank,0.0,0.0,0.0
test676,config2_dense_rerank,1.0,1.0,0.967468
test681,config2_dense_rerank,0.0,0.0,0.0
test700,config2_dense_rerank,1.0,1.0,1.0
test731,config2_dense_rerank,1.0,0.333333,0.5
test751,config2_dense_rerank,1.0,1.0,1.0
test761,config2_dense_rerank,0.0,0.0,0.0
test777,config2_dense_rerank,0.0,0.0,0.0
test779,config2_dense_rerank,0.0,0.0,0.0
test784,config2_dense_rerank,1.0,0.5,0.63093
test787,config2_dense_rerank,0.0,0.0,0.0
test814,config2_dense_rerank,1.0,1.0,1.0
test823,config2_dense_rerank,1.0,1.0,1.0
test833,config2_dense_rerank,0.0,0.0,0.0
test836,config2_dense_rerank,1.0,0.2,0.386853
test858,config2_dense_rerank,1.0,1.0,1.0
test860,config2_dense_rerank,0.0,0.0,0.0
test862,config2_dense_rerank,1.0,1.0,1.0
test864,config2_dense_rerank,0.0,0.0,0.0
test867,config2_dense_rerank,1.0,0.5,0.63093
test870,config2_dense_rerank,1.0,1.0,1.0
test873,config2_dense_rerank,1.0,1.0,1.0
test875,config2_dense_rerank,0.0,0.0,0.0
test877,config2_dense_rerank,0.0,0.0,0.0
test881,config2_dense_rerank,1.0,0.5,0.63093
test891,config2_dense_rerank,1.0,0.5,0.63093
test895,config2_dense_rerank,1.0,1.0,1.0
test898,config2_dense_rerank,0.0,0.0,0.0
test899,config2_dense_rerank,1.0,1.0,1.0
test902,config2_dense_rerank,1.0,0.5,0.63093
test914,config2_dense_rerank,1.0,1.0,1.0
test920,config2_dense_rerank,1.0,0.5,0.63093
test933,config2_dense_rerank,0.0,0.0,0.0
test937,config2_dense_rerank,0.0,0.0,0.0
test938,config2_dense_rerank,0.0,0.0,0.0
test942,config2_dense_rerank,0.5,0.25,0.319147
test952,config2_dense_rerank,1.0,0.5,0.63093
test953,config2_dense_rerank,1.0,0.5,0.63093
test963,config2_dense_rerank,0.0,0.0,0.0
test968,config2_dense_rerank,1.0,1.0,1.0
test974,config2_dense_rerank,0.0,0.0,0.0
test977,config2_dense_rerank,1.0,0.25,0.430677
test980,config2_dense_rerank,1.0,0.5,0.63093
test986,config2_dense_rerank,1.0,0.2,0.386853
test995,config2_dense_rerank,0.0,0.0,0.0
test1000,config2_dense_rerank,1.0,1.0,1.0
test1002,config2_dense_rerank,1.0,1.0,1.0
test1003,config2_dense_rerank,1.0,1.0,1.0
test1008,config2_dense_rerank,0.0,0.0,0.0
test1010,config2_dense_rerank,0.0,0.0,0.0
test1015,config2_dense_rerank,1.0,1.0,1.0
test1018,config2_dense_rerank,0.5,0.333333,0.306574
test1022,config2_dense_rerank,1.0,1.0,1.0
test1023,config2_dense_rerank,0.5,1.0,0.613147
test1028,config2_dense_rerank,0.0,0.0,0.0
test1029,config2_dense_rerank,1.0,1.0,0.919721
test1068,config2_dense_rerank,1.0,1.0,1.0
test1072,config2_dense_rerank,1.0,1.0,1.0
test1076,config2_dense_rerank,0.0,0.0,0.0
test1078,config2_dense_rerank,0.0,0.0,0.0
test1081,config2_dense_rerank,1.0,1.0,1.0
test1083,config2_dense_rerank,0.0,0.0,0.0
test1084,config2_dense_rerank,1.0,1.0,1.0
test1085,config2_dense_rerank,1.0,0.25,0.430677
test1086,config2_dense_rerank,1.0,1.0,1.0
test1087,config2_dense_rerank,0.0,0.0,0.0
test1092,config2_dense_rerank,1.0,1.0,1.0
test1093,config2_dense_rerank,1.0,0.333333,0.5
test1096,config2_dense_rerank,0.5,0.5,0.386853
test1105,config2_dense_rerank,1.0,0.5,0.63093
test1115,config2_dense_rerank,0.0,0.0,0.0
test1126,config2_dense_rerank,0.333333,0.2,0.181542
test1133,config2_dense_rerank,0.0,0.0,0.0
test1138,config2_dense_rerank,1.0,1.0,1.0
test1139,config2_dense_rerank,1.0,1.0,1.0
test1140,config2_dense_rerank,1.0,1.0,1.0
test1154,config2_dense_rerank,0.0,0.0,0.0
test1167,config2_dense_rerank,1.0,0.25,0.430677
test1168,config2_dense_rerank,1.0,1.0,1.0
test1185,config2_dense_rerank,1.0,1.0,1.0
test1200,config2_dense_rerank,1.0,1.0,1.0
test1202,config2_dense_rerank,1.0,0.2,0.386853
test1215,config2_dense_rerank,1.0,1.0,1.0
test1222,config2_dense_rerank,0.0,0.0,0.0
test1226,config2_dense_rerank,1.0,1.0,1.0
test1228,config2_dense_rerank,1.0,1.0,1.0
test1239,config2_dense_rerank,1.0,1.0,1.0
test1259,config2_dense_rerank,1.0,1.0,1.0
test1262,config2_dense_rerank,1.0,0.5,0.63093
test1276,config2_dense_rerank,1.0,1.0,1.0
test1284,config2_dense_rerank,1.0,0.5,0.63093
test1286,config2_dense_rerank,1.0,1.0,1.0
test1288,config2_dense_rerank,1.0,1.0,1.0
test1292,config2_dense_rerank,1.0,1.0,1.0
test1295,config2_dense_rerank,1.0,0.333333,0.5
test1327,config2_dense_rerank,1.0,1.0,1.0
test1328,config2_dense_rerank,0.333333,1.0,0.469279
test1353,config2_dense_rerank,1.0,0.25,0.430677
test1366,config2_dense_rerank,0.0,0.0,0.0
test1378,config2_dense_rerank,0.5,0.333333,0.306574
test1384,config2_dense_rerank,1.0,1.0,1.0
test1389,config2_dense_rerank,1.0,0.5,0.63093
test1393,config2_dense_rerank,0.5,0.25,0.264068
test1404,config2_dense_rerank,1.0,1.0,1.0
test1408,config2_dense_rerank,0.0,0.0,0.0
test1429,config2_dense_rerank,1.0,1.0,1.0
test1448,config2_dense_rerank,1.0,1.0,1.0
test1451,config2_dense_rerank,0.666667,1.0,0.671386
test1455,config2_dense_rerank,1.0,1.0,0.919721
test1465,config2_dense_rerank,1.0,1.0,1.0
test1470,config2_dense_rerank,0.5,1.0,0.613147
test1481,config2_dense_rerank,1.0,1.0,1.0
test1482,config2_dense_rerank,1.0,1.0,0.919721
test1486,config2_dense_rerank,1.0,1.0,1.0
test1493,config2_dense_rerank,1.0,0.5,0.63093
test1494,config2_dense_rerank,1.0,1.0,1.0
test1512,config2_dense_rerank,0.5,0.333333,0.306574
test1513,config2_dense_rerank,1.0,0.2,0.386853
test1516,config2_dense_rerank,0.5,1.0,0.613147
test1529,config2_dense_rerank,0.0,0.0,0.0
test1531,config2_dense_rerank,1.0,1.0,1.0
test1550,config2_dense_rerank,1.0,1.0,1.0
test1552,config2_dense_rerank,1.0,0.25,0.430677
test1554,config2_dense_rerank,1.0,1.0,1.0
test1556,config2_dense_rerank,1.0,1.0,1.0
test1563,config2_dense_rerank,1.0,1.0,0.919721
test1576,config2_dense_rerank,1.0,1.0,1.0
test1599,config2_dense_rerank,1.0,0.333333,0.5
test1620,config2_dense_rerank,1.0,1.0,1.0
test1621,config2_dense_rerank,1.0,1.0,1.0
test1634,config2_dense_rerank,1.0,0.25,0.430677
test1635,config2_dense_rerank,0.5,1.0,0.613147
test1642,config2_dense_rerank,1.0,0.5,0.63093
test1643,config2_dense_rerank,0.0,0.0,0.0
test1649,config2_dense_rerank,1.0,1.0,1.0
test1653,config2_dense_rerank,1.0,1.0,1.0
test1664,config2_dense_rerank,0.0,0.0,0.0
test1667,config2_dense_rerank,0.333333,0.25,0.202107
test1683,config2_dense_rerank,0.0,0.0,0.0
test1717,config2_dense_rerank,1.0,1.0,1.0
test1718,config2_dense_rerank,1.0,0.5,0.63093
test1728,config2_dense_rerank,0.0,0.0,0.0
test1729,config2_dense_rerank,1.0,1.0,1.0
test1731,config2_dense_rerank,1.0,0.2,0.386853
test1732,config2_dense_rerank,1.0,1.0,1.0
test1733,config2_dense_rerank,1.0,0.5,0.63093
test1734,config2_dense_rerank,1.0,1.0,1.0
test1751,config2_dense_rerank,0.5,0.5,0.386853
test1754,config2_dense_rerank,0.0,0.0,0.0
test1760,config2_dense_rerank,0.0,0.0,0.0
test1765,config2_dense_rerank,0.0,0.0,0.0
test1780,config2_dense_rerank,1.0,0.5,0.693426
test1794,config2_dense_rerank,1.0,1.0,1.0
test1809,config2_dense_rerank,0.0,0.0,0.0
test1815,config2_dense_rerank,1.0,1.0,1.0
test1837,config2_dense_rerank,1.0,0.5,0.63093
test1839,config2_dense_rerank,0.5,0.5,0.386853
test1849,config2_dense_rerank,1.0,0.5,0.63093
test1857,config2_dense_rerank,0.0,0.0,0.0
test1858,config2_dense_rerank,1.0,1.0,1.0
test1863,config2_dense_rerank,1.0,1.0,1.0
test1872,config2_dense_rerank,0.0,0.0,0.0
test1877,config2_dense_rerank,1.0,1.0,1.0
test1879,config2_dense_rerank,1.0,0.5,0.712263
test1881,config2_dense_rerank,1.0,0.333333,0.5
test1893,config2_dense_rerank,1.0,0.333333,0.5
test1894,config2_dense_rerank,0.0,0.0,0.0
test1912,config2_dense_rerank,1.0,0.5,0.63093
test1917,config2_dense_rerank,1.0,1.0,1.0
test1936,config2_dense_rerank,1.0,0.333333,0.5
test1937,config2_dense_rerank,1.0,1.0,1.0
test1946,config2_dense_rerank,0.0,0.0,0.0
test1952,config2_dense_rerank,1.0,1.0,1.0
test1971,config2_dense_rerank,1.0,1.0,1.0
test1988,config2_dense_rerank,1.0,0.5,0.63093
test1989,config2_dense_rerank,1.0,1.0,1.0
test1990,config2_dense_rerank,1.0,1.0,1.0
test1993,config2_dense_rerank,0.0,0.0,0.0
test2001,config2_dense_rerank,1.0,1.0,1.0
test2021,config2_dense_rerank,0.0,0.0,0.0
test2044,config2_dense_rerank,1.0,0.5,0.63093
test2050,config2_dense_rerank,0.5,0.5,0.386853
test2059,config2_dense_rerank,0.0,0.0,0.0
test2069,config2_dense_rerank,1.0,1.0,1.0
test2070,config2_dense_rerank,1.0,1.0,1.0
test2072,config2_dense_rerank,1.0,1.0,1.0
test2079,config2_dense_rerank,1.0,1.0,1.0
test2080,config2_dense_rerank,1.0,0.333333,0.5
test2087,config2_dense_rerank,1.0,1.0,1.0
test2105,config2_dense_rerank,0.5,0.333333,0.306574
test2119,config2_dense_rerank,0.0,0.0,0.0
test2141,config2_dense_rerank,1.0,1.0,1.0
test2161,config2_dense_rerank,0.0,0.0,0.0
test2166,config2_dense_rerank,0.0,0.0,0.0
test2167,config2_dense_rerank,1.0,1.0,1.0
test2172,config2_dense_rerank,1.0,1.0,1.0
test2175,config2_dense_rerank,1.0,0.5,0.63093
test2181,config2_dense_rerank,1.0,1.0,1.0
test2187,config2_dense_rerank,1.0,1.0,1.0
test2196,config2_dense_rerank,1.0,0.333333,0.5
test2199,config2_dense_rerank,1.0,1.0,1.0
test2202,config2_dense_rerank,1.0,1.0,1.0
test2207,config2_dense_rerank,0.5,1.0,0.613147
test2208,config2_dense_rerank,1.0,1.0,1.0
test2209,config2_dense_rerank,1.0,0.25,0.430677
test2214,config2_dense_rerank,1.0,1.0,1.0
test2220,config2_dense_rerank,1.0,0.5,0.63093
test2225,config2_dense_rerank,1.0,0.2,0.386853
test2232,config2_dense_rerank,0.0,0.0,0.0
test2233,config2_dense_rerank,1.0,1.0,1.0
test2234,config2_dense_rerank,0.0,0.0,0.0
test2251,config2_dense_rerank,0.0,0.0,0.0
test2254,config2_dense_rerank,1.0,1.0,1.0
test2259,config2_dense_rerank,0.0,0.0,0.0
test2261,config2_dense_rerank,1.0,1.0,1.0
test2263,config2_dense_rerank,1.0,0.5,0.63093
test2266,config2_dense_rerank,1.0,0.5,0.693426
test2268,config2_dense_rerank,1.0,1.0,1.0
test2271,config2_dense_rerank,1.0,1.0,0.877215
test2276,config2_dense_rerank,1.0,1.0,1.0
test2281,config2_dense_rerank,1.0,0.5,0.63093
test2293,config2_dense_rerank,1.0,0.333333,0.5
test2297,config2_dense_rerank,1.0,1.0,1.0
test2298,config2_dense_rerank,1.0,1.0,1.0
test2299,config2_dense_rerank,1.0,0.5,0.63093
test2306,config2_dense_rerank,1.0,1.0,1.0
test2315,config2_dense_rerank,0.5,0.25,0.264068
test2323,config2_dense_rerank,1.0,0.5,0.63093
test2333,config2_dense_rerank,0.0,0.0,0.0
test2338,config2_dense_rerank,1.0,1.0,1.0
test2360,config2_dense_rerank,0.0,0.0,0.0
test2364,config2_dense_rerank,1.0,1.0,1.0
test2371,config2_dense_rerank,1.0,1.0,0.919721
test2372,config2_dense_rerank,1.0,1.0,1.0
test2385,config2_dense_rerank,1.0,1.0,1.0
test2390,config2_dense_rerank,1.0,1.0,1.0
test2392,config2_dense_rerank,0.0,0.0,0.0
test2394,config2_dense_rerank,0.0,0.0,0.0
test2409,config2_dense_rerank,0.0,0.0,0.0
test2410,config2_dense_rerank,1.0,0.5,0.63093
test2413,config2_dense_rerank,1.0,1.0,1.0
test2418,config2_dense_rerank,1.0,1.0,1.0
test2435,config2_dense_rerank,1.0,0.2,0.386853
test2437,config2_dense_rerank,1.0,0.5,0.63093
test2440,config2_dense_rerank,1.0,1.0,1.0
test2442,config2_dense_rerank,1.0,1.0,1.0
test2453,config2_dense_rerank,1.0,1.0,1.0
test2465,config2_dense_rerank,1.0,1.0,1.0
test2472,config2_dense_rerank,1.0,1.0,1.0
test2477,config2_dense_rerank,0.0,0.0,0.0
test2484,config2_dense_rerank,1.0,1.0,1.0
test2494,config2_dense_rerank,0.0,0.0,0.0
test2495,config2_dense_rerank,1.0,1.0,1.0
test2505,config2_dense_rerank,0.0,0.0,0.0
test2533,config2_dense_rerank,1.0,0.5,0.63093
test2536,config2_dense_rerank,0.5,1.0,0.613147
test2544,config2_dense_rerank,0.333333,0.5,0.296082
test2561,config2_dense_rerank,1.0,1.0,1.0
test2570,config2_dense_rerank,1.0,1.0,1.0
test2574,config2_dense_rerank,1.0,1.0,1.0
test2584,config2_dense_rerank,0.0,0.0,0.0
test2597,config2_dense_rerank,1.0,1.0,1.0
test2598,config2_dense_rerank,1.0,0.5,0.63093
test2600,config2_dense_rerank,1.0,1.0,1.0
test2603,config2_dense_rerank,0.0,0.0,0.0
test2609,config2_dense_rerank,1.0,1.0,1.0
test2617,config2_dense_rerank,1.0,1.0,1.0
test2619,config2_dense_rerank,1.0,1.0,1.0
test2621,config2_dense_rerank,1.0,1.0,1.0
test2625,config2_dense_rerank,1.0,1.0,0.919721
test2633,config2_dense_rerank,1.0,1.0,1.0
test2643,config2_dense_rerank,0.5,0.333333,0.306574
test2646,config2_dense_rerank,0.0,0.0,0.0
test2654,config2_dense_rerank,1.0,0.5,0.63093
test2661,config2_dense_rerank,1.0,1.0,0.850345
test2671,config2_dense_rerank,1.0,0.5,0.63093
test2676,config2_dense_rerank,0.0,0.0,0.0
test2678,config2_dense_rerank,0.0,0.0,0.0
test2684,config2_dense_rerank,1.0,1.0,1.0
test2692,config2_dense_rerank,0.5,1.0,0.613147
test2699,config2_dense_rerank,1.0,1.0,1.0
test2702,config2_dense_rerank,0.0,0.0,0.0
test2708,config2_dense_rerank,1.0,0.5,0.63093
test2711,config2_dense_rerank,0.5,1.0,0.613147
test2717,config2_dense_rerank,0.0,0.0,0.0
test2731,config2_dense_rerank,0.0,0.0,0.0
test2735,config2_dense_rerank,0.5,0.5,0.386853
test2740,config2_dense_rerank,1.0,0.5,0.63093
test2743,config2_dense_rerank,1.0,1.0,1.0
test2745,config2_dense_rerank,0.0,0.0,0.0
test2751,config2_dense_rerank,1.0,1.0,1.0
test2758,config2_dense_rerank,1.0,1.0,1.0
test2765,config2_dense_rerank,1.0,1.0,1.0
test2771,config2_dense_rerank,1.0,1.0,1.0
test2786,config2_dense_rerank,1.0,0.25,0.430677
test2787,config2_dense_rerank,0.5,0.2,0.237198
test2792,config2_dense_rerank,1.0,1.0,1.0
test2793,config2_dense_rerank,0.0,0.0,0.0
test2799,config2_dense_rerank,1.0,1.0,1.0
test2804,config2_dense_rerank,1.0,0.5,0.63093
test2815,config2_dense_rerank,0.0,0.0,0.0
test2818,config2_dense_rerank,1.0,0.5,0.624051
test2825,config2_dense_rerank,1.0,1.0,1.0
test2830,config2_dense_rerank,1.0,1.0,1.0
test2853,config2_dense_rerank,1.0,1.0,1.0
test2859,config2_dense_rerank,1.0,0.5,0.63093
test2872,config2_dense_rerank,1.0,1.0,1.0
test2874,config2_dense_rerank,1.0,0.5,0.63093
test2881,config2_dense_rerank,1.0,1.0,1.0
test2885,config2_dense_rerank,1.0,0.5,0.63093
test2890,config2_dense_rerank,1.0,1.0,1.0
test2899,config2_dense_rerank,1.0,1.0,1.0
test2920,config2_dense_rerank,0.0,0.0,0.0
test2932,config2_dense_rerank,0.0,0.0,0.0
test2933,config2_dense_rerank,0.0,0.0,0.0
test2939,config2_dense_rerank,0.0,0.0,0.0
test2940,config2_dense_rerank,0.0,0.0,0.0
test2942,config2_dense_rerank,0.0,0.0,0.0
test2947,config2_dense_rerank,0.0,0.0,0.0
test2952,config2_dense_rerank,0.0,0.0,0.0
test2957,config2_dense_rerank,0.0,0.0,0.0
test2962,config2_dense_rerank,0.0,0.0,0.0
test2982,config2_dense_rerank,0.0,0.0,0.0
test2986,config2_dense_rerank,0.0,0.0,0.0
test2988,config2_dense_rerank,0.0,0.0,0.0
test2989,config2_dense_rerank,0.0,0.0,0.0
test2992,config2_dense_rerank,0.0,0.0,0.0
test2997,config2_dense_rerank,0.0,0.0,0.0
test3013,config2_dense_rerank,0.0,0.0,0.0
test3016,config2_dense_rerank,0.0,0.0,0.0
test3033,config2_dense_rerank,0.0,0.0,0.0
test3037,config2_dense_rerank,0.0,0.0,0.0
test3051,config2_dense_rerank,0.0,0.0,0.0
test3059,config2_dense_rerank,0.0,0.0,0.0
test3063,config2_dense_rerank,0.0,0.0,0.0
test3075,config2_dense_rerank,0.0,0.0,0.0
test3086,config2_dense_rerank,0.0,0.0,0.0
test3093,config2_dense_rerank,0.0,0.0,0.0
test3095,config2_dense_rerank,0.0,0.0,0.0
test3108,config2_dense_rerank,0.0,0.0,0.0
test3110,config2_dense_rerank,0.0,0.0,0.0
test3115,config2_dense_rerank,0.0,0.0,0.0
test3120,config2_dense_rerank,0.0,0.0,0.0
test3123,config2_dense_rerank,0.0,0.0,0.0
test3127,config2_dense_rerank,0.0,0.0,0.0
test3132,config2_dense_rerank,0.0,0.0,0.0
test3136,config2_dense_rerank,0.0,0.0,0.0
test3147,config2_dense_rerank,0.0,0.0,0.0
test3148,config2_dense_rerank,0.0,0.0,0.0
test3157,config2_dense_rerank,0.0,0.0,0.0
test3163,config2_dense_rerank,0.0,0.0,0.0
test3166,config2_dense_rerank,0.0,0.0,0.0
test3176,config2_dense_rerank,0.0,0.0,0.0
test3178,config2_dense_rerank,0.0,0.0,0.0
test3187,config2_dense_rerank,0.0,0.0,0.0
test3189,config2_dense_rerank,0.0,0.0,0.0
test3202,config2_dense_rerank,0.0,0.0,0.0
test3205,config2_dense_rerank,0.0,0.0,0.0
test3213,config2_dense_rerank,0.0,0.0,0.0
test3239,config2_dense_rerank,0.0,0.0,0.0
test3241,config2_dense_rerank,0.0,0.0,0.0
test3244,config2_dense_rerank,0.0,0.0,0.0
test3248,config2_dense_rerank,0.0,0.0,0.0
test3259,config2_dense_rerank,0.0,0.0,0.0
test3261,config2_dense_rerank,0.0,0.0,0.0
test3283,config2_dense_rerank,0.0,0.0,0.0
test3297,config2_dense_rerank,0.0,0.0,0.0
test3300,config2_dense_rerank,0.0,0.0,0.0
test3305,config2_dense_rerank,0.0,0.0,0.0
test3308,config2_dense_rerank,0.0,0.0,0.0
test3311,config2_dense_rerank,0.0,0.0,0.0
test3315,config2_dense_rerank,0.0,0.0,0.0
test3328,config2_dense_rerank,0.0,0.0,0.0
test3334,config2_dense_rerank,0.0,0.0,0.0
test3351,config2_dense_rerank,0.0,0.0,0.0
test3388,config2_dense_rerank,0.0,0.0,0.0
test3391,config2_dense_rerank,0.0,0.0,0.0
test3396,config2_dense_rerank,0.0,0.0,0.0
test3401,config2_dense_rerank,0.0,0.0,0.0
test3407,config2_dense_rerank,0.0,0.0,0.0
test3408,config2_dense_rerank,0.0,0.0,0.0
test3409,config2_dense_rerank,0.0,0.0,0.0
test3420,config2_dense_rerank,0.0,0.0,0.0
test3424,config2_dense_rerank,0.0,0.0,0.0
test3426,config2_dense_rerank,0.0,0.0,0.0
test3436,config2_dense_rerank,0.0,0.0,0.0
test3444,config2_dense_rerank,0.0,0.0,0.0
test3450,config2_dense_rerank,0.0,0.0,0.0
test2,config3_hybrid,1.0,1.0,1.0
test8,config3_hybrid,0.0,0.0,0.0
test13,config3_hybrid,1.0,1.0,1.0
test14,config3_hybrid,1.0,0.25,0.430677
test26,config3_hybrid,1.0,1.0,1.0
test29,config3_hybrid,0.0,0.0,0.0
test32,config3_hybrid,0.5,0.25,0.264068
test38,config3_hybrid,0.0,0.0,0.0
test39,config3_hybrid,0.0,0.0,0.0
test47,config3_hybrid,1.0,0.25,0.430677
test60,config3_hybrid,1.0,0.2,0.386853
test79,config3_hybrid,1.0,0.333333,0.5
test86,config3_hybrid,1.0,0.25,0.430677
test102,config3_hybrid,0.0,0.0,0.0
test108,config3_hybrid,0.0,0.0,0.0
test122,config3_hybrid,1.0,1.0,1.0
test128,config3_hybrid,0.0,0.0,0.0
test130,config3_hybrid,0.5,1.0,0.613147
test131,config3_hybrid,0.0,0.0,0.0
test147,config3_hybrid,1.0,0.5,0.63093
test162,config3_hybrid,1.0,1.0,1.0
test163,config3_hybrid,0.333333,0.5,0.296082
test171,config3_hybrid,1.0,0.5,0.63093
test177,config3_hybrid,1.0,0.25,0.430677
test180,config3_hybrid,1.0,0.5,0.63093
test187,config3_hybrid,1.0,0.25,0.430677
test192,config3_hybrid,0.5,1.0,0.613147
test205,config3_hybrid,0.5,1.0,0.613147
test207,config3_hybrid,0.0,0.0,0.0
test208,config3_hybrid,1.0,0.333333,0.5
test221,config3_hybrid,0.0,0.0,0.0
test229,config3_hybrid,0.0,0.0,0.0
test232,config3_hybrid,1.0,1.0,1.0
test234,config3_hybrid,1.0,0.5,0.63093
test237,config3_hybrid,1.0,0.5,0.63093
test239,config3_hybrid,1.0,1.0,1.0
test240,config3_hybrid,0.0,0.0,0.0
test241,config3_hybrid,0.5,0.25,0.264068
test248,config3_hybrid,1.0,1.0,1.0
test249,config3_hybrid,0.333333,0.333333,0.234639
test260,config3_hybrid,0.0,0.0,0.0
test262,config3_hybrid,0.0,0.0,0.0
test271,config3_hybrid,0.0,0.0,0.0
test276,config3_hybrid,0.0,0.0,0.0
test278,config3_hybrid,0.5,1.0,0.613147
test280,config3_hybrid,0.0,0.0,0.0
test281,config3_hybrid,0.5,1.0,0.613147
test283,config3_hybrid,1.0,1.0,1.0
test284,config3_hybrid,0.0,0.0,0.0
test290,config3_hybrid,1.0,0.333333,0.5
test292,config3_hybrid,0.0,0.0,0.0
test297,config3_hybrid,1.0,0.25,0.430677
test300,config3_hybrid,0.0,0.0,0.0
test308,config3_hybrid,0.5,0.25,0.264068
test322,config3_hybrid,1.0,1.0,1.0
test326,config3_hybrid,1.0,1.0,1.0
test328,config3_hybrid,1.0,0.2,0.386853
test335,config3_hybrid,0.5,0.25,0.264068
test350,config3_hybrid,0.0,0.0,0.0
test356,config3_hybrid,1.0,0.25,0.430677
test372,config3_hybrid,1.0,1.0,1.0
test378,config3_hybrid,1.0,0.333333,0.5
test379,config3_hybrid,1.0,1.0,1.0
test382,config3_hybrid,1.0,1.0,1.0
test383,config3_hybrid,0.0,0.0,0.0
test386,config3_hybrid,0.0,0.0,0.0
test396,config3_hybrid,0.0,0.0,0.0
test397,config3_hybrid,1.0,0.333333,0.5
test401,config3_hybrid,1.0,1.0,0.982892
test403,config3_hybrid,1.0,0.2,0.386853
test409,config3_hybrid,0.0,0.0,0.0
test413,config3_hybrid,0.0,0.0,0.0
test418,config3_hybrid,1.0,1.0,1.0
test419,config3_hybrid,0.0,0.0,0.0
test421,config3_hybrid,1.0,1.0,1.0
test424,config3_hybrid,0.0,0.0,0.0
test435,config3_hybrid,0.0,0.0,0.0
test438,config3_hybrid,0.5,1.0,0.613147
test447,config3_hybrid,0.333333,0.2,0.181542
test449,config3_hybrid,0.0,0.0,0.0
test456,config3_hybrid,1.0,0.5,0.63093
test458,config3_hybrid,1.0,1.0,1.0
test469,config3_hybrid,0.5,1.0,0.613147
test472,config3_hybrid,1.0,1.0,1.0
test491,config3_hybrid,1.0,0.5,0.63093
test495,config3_hybrid,1.0,0.333333,0.543771
test511,config3_hybrid,0.0,0.0,0.0
test515,config3_hybrid,0.0,0.0,0.0
test522,config3_hybrid,0.0,0.0,0.0
test525,config3_hybrid,1.0,0.5,0.693426
test535,config3_hybrid,0.5,0.5,0.386853
test536,config3_hybrid,0.0,0.0,0.0
test541,config3_hybrid,1.0,1.0,1.0
test542,config3_hybrid,0.0,0.0,0.0
test550,config3_hybrid,0.0,0.0,0.0
test566,config3_hybrid,1.0,1.0,1.0
test571,config3_hybrid,0.5,1.0,0.613147
test574,config3_hybrid,1.0,1.0,0.919721
test585,config3_hybrid,1.0,1.0,1.0
test606,config3_hybrid,0.0,0.0,0.0
test610,config3_hybrid,1.0,0.2,0.386853
test626,config3_hybrid,0.0,0.0,0.0
test634,config3_hybrid,0.0,0.0,0.0
test636,config3_hybrid,0.0,0.0,0.0
test644,config3_hybrid,0.0,0.0,0.0
test646,config3_hybrid,1.0,1.0,1.0
test647,config3_hybrid,1.0,0.333333,0.5
test653,config3_hybrid,1.0,1.0,1.0
test655,config3_hybrid,1.0,0.2,0.386853
test661,config3_hybrid,1.0,0.5,0.63093
test666,config3_hybrid,0.0,0.0,0.0
test669,config3_hybrid,0.0,0.0,0.0
test674,config3_hybrid,1.0,0.2,0.386853
test676,config3_hybrid,1.0,1.0,0.852928
test681,config3_hybrid,0.0,0.0,0.0
test700,config3_hybrid,1.0,1.0,1.0
test731,config3_hybrid,1.0,0.333333,0.5
test751,config3_hybrid,1.0,1.0,1.0
test761,config3_hybrid,0.0,0.0,0.0
test777,config3_hybrid,0.0,0.0,0.0
test779,config3_hybrid,0.0,0.0,0.0
test784,config3_hybrid,1.0,1.0,1.0
test787,config3_hybrid,0.0,0.0,0.0
test814,config3_hybrid,1.0,0.2,0.386853
test823,config3_hybrid,1.0,1.0,1.0
test833,config3_hybrid,0.0,0.0,0.0
test836,config3_hybrid,0.0,0.0,0.0
test858,config3_hybrid,1.0,1.0,1.0
test860,config3_hybrid,0.0,0.0,0.0
test862,config3_hybrid,1.0,1.0,1.0
test864,config3_hybrid,1.0,0.333333,0.5
test867,config3_hybrid,1.0,0.5,0.63093
test870,config3_hybrid,1.0,1.0,1.0
test873,config3_hybrid,1.0,0.5,0.63093
test875,config3_hybrid,0.0,0.0,0.0
test877,config3_hybrid,0.0,0.0,0.0
test881,config3_hybrid,1.0,1.0,1.0
test891,config3_hybrid,1.0,0.5,0.63093
test895,config3_hybrid,1.0,1.0,1.0
test898,config3_hybrid,1.0,0.333333,0.5
test899,config3_hybrid,1.0,1.0,1.0
test902,config3_hybrid,1.0,1.0,1.0
test914,config3_hybrid,1.0,1.0,1.0
test920,config3_hybrid,0.0,0.0,0.0
test933,config3_hybrid,0.0,0.0,0.0
test937,config3_hybrid,0.0,0.0,0.0
test938,config3_hybrid,0.0,0.0,0.0
test942,config3_hybrid,0.5,0.333333,0.34621
test952,config3_hybrid,1.0,1.0,1.0
test953,config3_hybrid,1.0,1.0,1.0
test963,config3_hybrid,0.0,0.0,0.0
test968,config3_hybrid,1.0,0.2,0.386853
test974,config3_hybrid,0.0,0.0,0.0
test977,config3_hybrid,0.0,0.0,0.0
test980,config3_hybrid,1.0,0.5,0.63093
test986,config3_hybrid,0.0,0.0,0.0
test995,config3_hybrid,0.0,0.0,0.0
test1000,config3_hybrid,1.0,1.0,1.0
test1002,config3_hybrid,0.0,0.0,0.0
test1003,config3_hybrid,1.0,1.0,1.0
test1008,config3_hybrid,1.0,1.0,1.0
test1010,config3_hybrid,0.0,0.0,0.0
test1015,config3_hybrid,0.0,0.0,0.0
test1018,config3_hybrid,0.5,0.333333,0.306574
test1022,config3_hybrid,0.5,1.0,0.613147
test1023,config3_hybrid,0.5,1.0,0.613147
test1028,config3_hybrid,0.0,0.0,0.0
test1029,config3_hybrid,0.5,0.5,0.386853
test1068,config3_hybrid,0.0,0.0,0.0
test1072,config3_hybrid,1.0,1.0,1.0
test1076,config3_hybrid,1.0,0.5,0.63093
test1078,config3_hybrid,0.0,0.0,0.0
test1081,config3_hybrid,1.0,1.0,1.0
test1083,config3_hybrid,0.0,0.0,0.0
test1084,config3_hybrid,1.0,1.0,1.0
test1085,config3_hybrid,1.0,0.2,0.386853
test1086,config3_hybrid,1.0,1.0,1.0
test1087,config3_hybrid,0.0,0.0,0.0
test1092,config3_hybrid,1.0,0.333333,0.5
test1093,config3_hybrid,0.0,0.0,0.0
test1096,config3_hybrid,1.0,0.5,0.624051
test1105,config3_hybrid,1.0,1.0,1.0
test1115,config3_hybrid,0.0,0.0,0.0
test1126,config3_hybrid,0.333333,0.25,0.202107
test1133,config3_hybrid,0.0,0.0,0.0
test1138,config3_hybrid,1.0,0.2,0.386853
test1139,config3_hybrid,1.0,1.0,1.0
test1140,config3_hybrid,1.0,1.0,1.0
test1154,config3_hybrid,0.5,0.2,0.237198
test1167,config3_hybrid,1.0,0.2,0.386853
test1168,config3_hybrid,1.0,1.0,1.0
test1185,config3_hybrid,1.0,1.0,1.0
test1200,config3_hybrid,1.0,1.0,1.0
test1202,config3_hybrid,0.0,0.0,0.0
test1215,config3_hybrid,1.0,1.0,1.0
test1222,config3_hybrid,0.0,0.0,0.0
test1226,config3_hybrid,1.0,1.0,1.0
test1228,config3_hybrid,1.0,1.0,1.0
test1239,config3_hybrid,1.0,1.0,1.0
test1259,config3_hybrid,1.0,0.5,0.63093
test1262,config3_hybrid,1.0,1.0,1.0
test1276,config3_hybrid,1.0,1.0,1.0
test1284,config3_hybrid,0.0,0.0,0.0
test1286,config3_hybrid,1.0,1.0,1.0
test1288,config3_hybrid,1.0,1.0,1.0
test1292,config3_hybrid,1.0,1.0,1.0
test1295,config3_hybrid,1.0,0.25,0.430677
test1327,config3_hybrid,1.0,0.5,0.63093
test1328,config3_hybrid,0.333333,0.25,0.202107
test1353,config3_hybrid,0.0,0.0,0.0
test1366,config3_hybrid,0.0,0.0,0.0
test1378,config3_hybrid,0.5,1.0,0.613147
test1384,config3_hybrid,1.0,1.0,1.0
test1389,config3_hybrid,0.0,0.0,0.0
test1393,config3_hybrid,0.0,0.0,0.0
test1404,config3_hybrid,1.0,1.0,1.0
test1408,config3_hybrid,0.0,0.0,0.0
test1429,config3_hybrid,1.0,1.0,1.0
test1448,config3_hybrid,1.0,0.2,0.386853
test1451,config3_hybrid,0.333333,0.333333,0.234639
test1455,config3_hybrid,1.0,1.0,1.0
test1465,config3_hybrid,1.0,1.0,1.0
test1470,config3_hybrid,0.0,0.0,0.0
test1481,config3_hybrid,1.0,1.0,1.0
test1482,config3_hybrid,0.5,0.5,0.386853
test1486,config3_hybrid,0.0,0.0,0.0
test1493,config3_hybrid,0.0,0.0,0.0
test1494,config3_hybrid,1.0,1.0,1.0
test1512,config3_hybrid,0.5,0.333333,0.306574
test1513,config3_hybrid,0.0,0.0,0.0
test1516,config3_hybrid,0.5,0.5,0.386853
test1529,config3_hybrid,1.0,0.5,0.63093
test1531,config3_hybrid,1.0,0.5,0.63093
test1550,config3_hybrid,1.0,0.25,0.430677
test1552,config3_hybrid,1.0,0.2,0.386853
test1554,config3_hybrid,1.0,1.0,1.0
test1556,config3_hybrid,1.0,1.0,1.0
test1563,config3_hybrid,1.0,1.0,0.877215
test1576,config3_hybrid,1.0,1.0,1.0
test1599,config3_hybrid,0.0,0.0,0.0
test1620,config3_hybrid,1.0,1.0,1.0
test1621,config3_hybrid,0.5,0.333333,0.306574
test1634,config3_hybrid,0.0,0.0,0.0
test1635,config3_hybrid,0.5,0.5,0.386853
test1642,config3_hybrid,1.0,0.333333,0.5
test1643,config3_hybrid,0.0,0.0,0.0
test1649,config3_hybrid,1.0,0.2,0.386853
test1653,config3_hybrid,1.0,1.0,1.0
test1664,config3_hybrid,0.5,0.25,0.264068
test1667,config3_hybrid,0.333333,1.0,0.469279
test1683,config3_hybrid,0.0,0.0,0.0
test1717,config3_hybrid,0.0,0.0,0.0
test1718,config3_hybrid,0.0,0.0,0.0
test1728,config3_hybrid,0.0,0.0,0.0
test1729,config3_hybrid,1.0,1.0,1.0
test1731,config3_hybrid,0.0,0.0,0.0
test1732,config3_hybrid,1.0,0.5,0.63093
test1733,config3_hybrid,0.0,0.0,0.0
test1734,config3_hybrid,1.0,1.0,1.0
test1751,config3_hybrid,0.5,1.0,0.613147
test1754,config3_hybrid,0.0,0.0,0.0
test1760,config3_hybrid,0.0,0.0,0.0
test1765,config3_hybrid,0.0,0.0,0.0
test1780,config3_hybrid,0.5,1.0,0.613147
test1794,config3_hybrid,0.0,0.0,0.0
test1809,config3_hybrid,0.0,0.0,0.0
test1815,config3_hybrid,1.0,0.333333,0.5
test1837,config3_hybrid,1.0,1.0,1.0
test1839,config3_hybrid,0.0,0.0,0.0
test1849,config3_hybrid,1.0,1.0,1.0
test1857,config3_hybrid,0.0,0.0,0.0
test1858,config3_hybrid,1.0,1.0,1.0
test1863,config3_hybrid,0.5,0.5,0.386853
test1872,config3_hybrid,0.0,0.0,0.0
test1877,config3_hybrid,1.0,1.0,1.0
test1879,config3_hybrid,1.0,0.5,0.732829
test1881,config3_hybrid,1.0,0.5,0.63093
test1893,config3_hybrid,0.0,0.0,0.0
test1894,config3_hybrid,0.0,0.0,0.0
test1912,config3_hybrid,1.0,0.5,0.63093
test1917,config3_hybrid,1.0,0.5,0.63093
test1936,config3_hybrid,1.0,0.5,0.63093
test1937,config3_hybrid,1.0,1.0,1.0
test1946,config3_hybrid,0.0,0.0,0.0
test1952,config3_hybrid,1.0,1.0,1.0
test1971,config3_hybrid,1.0,1.0,1.0
test1988,config3_hybrid,1.0,1.0,1.0
test1989,config3_hybrid,1.0,0.25,0.430677
test1990,config3_hybrid,1.0,0.333333,0.5
test1993,config3_hybrid,0.0,0.0,0.0
test2001,config3_hybrid,0.0,0.0,0.0
test2021,config3_hybrid,0.5,1.0,0.613147
test2044,config3_hybrid,0.0,0.0,0.0
test2050,config3_hybrid,0.0,0.0,0.0
test2059,config3_hybrid,0.0,0.0,0.0
test2069,config3_hybrid,1.0,0.333333,0.5
test2070,config3_hybrid,1.0,1.0,1.0
test2072,config3_hybrid,1.0,1.0,1.0
test2079,config3_hybrid,1.0,1.0,1.0
test2080,config3_hybrid,0.0,0.0,0.0
test2087,config3_hybrid,0.0,0.0,0.0
test2105,config3_hybrid,0.5,0.5,0.386853
test2119,config3_hybrid,1.0,0.5,0.63093
test2141,config3_hybrid,0.0,0.0,0.0
test2161,config3_hybrid,0.0,0.0,0.0
test2166,config3_hybrid,0.0,0.0,0.0
test2167,config3_hybrid,1.0,0.25,0.430677
test2172,config3_hybrid,1.0,1.0,1.0
test2175,config3_hybrid,1.0,0.5,0.63093
test2181,config3_hybrid,0.0,0.0,0.0
test2187,config3_hybrid,1.0,1.0,1.0
test2196,config3_hybrid,1.0,0.5,0.63093
test2199,config3_hybrid,1.0,1.0,1.0
test2202,config3_hybrid,1.0,0.5,0.63093
test2207,config3_hybrid,0.5,1.0,0.613147
test2208,config3_hybrid,0.0,0.0,0.0
test2209,config3_hybrid,0.0,0.0,0.0
test2214,config3_hybrid,0.5,1.0,0.613147
test2220,config3_hybrid,1.0,0.5,0.63093
test2225,config3_hybrid,1.0,1.0,1.0
test2232,config3_hybrid,0.0,0.0,0.0
test2233,config3_hybrid,1.0,1.0,1.0
test2234,config3_hybrid,0.0,0.0,0.0
test2251,config3_hybrid,0.0,0.0,0.0
test2254,config3_hybrid,1.0,0.5,0.63093
test2259,config3_hybrid,0.0,0.0,0.0
test2261,config3_hybrid,1.0,1.0,0.919721
test2263,config3_hybrid,1.0,1.0,1.0
test2266,config3_hybrid,1.0,1.0,0.919721
test2268,config3_hybrid,1.0,1.0,1.0
test2271,config3_hybrid,1.0,1.0,0.919721
test2276,config3_hybrid,1.0,1.0,1.0
test2281,config3_hybrid,1.0,0.333333,0.5
test2293,config3_hybrid,1.0,0.333333,0.5
test2297,config3_hybrid,1.0,1.0,1.0
test2298,config3_hybrid,1.0,1.0,1.0
test2299,config3_hybrid,1.0,1.0,1.0
test2306,config3_hybrid,1.0,0.5,0.63093
test2315,config3_hybrid,0.5,0.5,0.386853
test2323,config3_hybrid,1.0,0.2,0.386853
test2333,config3_hybrid,0.0,0.0,0.0
test2338,config3_hybrid,1.0,0.333333,0.5
test2360,config3_hybrid,0.0,0.0,0.0
test2364,config3_hybrid,1.0,0.5,0.63093
test2371,config3_hybrid,1.0,1.0,0.919721
test2372,config3_hybrid,1.0,1.0,1.0
test2385,config3_hybrid,1.0,1.0,1.0
test2390,config3_hybrid,1.0,0.5,0.63093
test2392,config3_hybrid,0.0,0.0,0.0
test2394,config3_hybrid,1.0,0.2,0.386853
test2409,config3_hybrid,0.0,0.0,0.0
test2410,config3_hybrid,1.0,1.0,1.0
test2413,config3_hybrid,1.0,1.0,1.0
test2418,config3_hybrid,1.0,1.0,1.0
test2435,config3_hybrid,1.0,0.25,0.430677
test2437,config3_hybrid,1.0,1.0,1.0
test2440,config3_hybrid,1.0,1.0,1.0
test2442,config3_hybrid,1.0,1.0,1.0
test2453,config3_hybrid,1.0,1.0,1.0
test2465,config3_hybrid,1.0,1.0,1.0
test2472,config3_hybrid,1.0,0.5,0.63093
test2477,config3_hybrid,0.0,0.0,0.0
test2484,config3_hybrid,1.0,0.333333,0.5
test2494,config3_hybrid,0.0,0.0,0.0
test2495,config3_hybrid,1.0,0.5,0.63093
test2505,config3_hybrid,1.0,0.5,0.63093
test2533,config3_hybrid,1.0,1.0,1.0
test2536,config3_hybrid,0.5,1.0,0.613147
test2544,config3_hybrid,0.666667,0.333333,0.416181
test2561,config3_hybrid,1.0,1.0,1.0
test2570,config3_hybrid,1.0,1.0,1.0
test2574,config3_hybrid,1.0,0.5,0.63093
test2584,config3_hybrid,0.0,0.0,0.0
test2597,config3_hybrid,0.0,0.0,0.0
test2598,config3_hybrid,0.0,0.0,0.0
test2600,config3_hybrid,0.0,0.0,0.0
test2603,config3_hybrid,0.0,0.0,0.0
test2609,config3_hybrid,1.0,1.0,1.0
test2617,config3_hybrid,1.0,0.5,0.63093
test2619,config3_hybrid,1.0,1.0,1.0
test2621,config3_hybrid,0.0,0.0,0.0
test2625,config3_hybrid,1.0,0.5,0.693426
test2633,config3_hybrid,1.0,1.0,1.0
test2643,config3_hybrid,0.5,0.5,0.386853
test2646,config3_hybrid,0.0,0.0,0.0
test2654,config3_hybrid,1.0,1.0,1.0
test2661,config3_hybrid,0.5,1.0,0.613147
test2671,config3_hybrid,1.0,0.333333,0.5
test2676,config3_hybrid,0.0,0.0,0.0
test2678,config3_hybrid,0.0,0.0,0.0
test2684,config3_hybrid,1.0,1.0,1.0
test2692,config3_hybrid,1.0,1.0,0.877215
test2699,config3_hybrid,1.0,1.0,1.0
test2702,config3_hybrid,0.0,0.0,0.0
test2708,config3_hybrid,1.0,0.5,0.63093
test2711,config3_hybrid,0.5,1.0,0.613147
test2717,config3_hybrid,0.0,0.0,0.0
test2731,config3_hybrid,0.0,0.0,0.0
test2735,config3_hybrid,0.5,1.0,0.613147
test2740,config3_hybrid,0.0,0.0,0.0
test2743,config3_hybrid,1.0,1.0,1.0
test2745,config3_hybrid,0.0,0.0,0.0
test2751,config3_hybrid,1.0,0.25,0.430677
test2758,config3_hybrid,1.0,1.0,1.0
test2765,config3_hybrid,1.0,0.333333,0.5
test2771,config3_hybrid,1.0,1.0,1.0
test2786,config3_hybrid,1.0,1.0,1.0
test2787,config3_hybrid,0.0,0.0,0.0
test2792,config3_hybrid,1.0,1.0,1.0
test2793,config3_hybrid,0.0,0.0,0.0
test2799,config3_hybrid,1.0,1.0,1.0
test2804,config3_hybrid,1.0,1.0,1.0
test2815,config3_hybrid,1.0,0.2,0.386853
test2818,config3_hybrid,0.5,1.0,0.613147
test2825,config3_hybrid,1.0,1.0,1.0
test2830,config3_hybrid,1.0,0.2,0.386853
test2853,config3_hybrid,1.0,1.0,1.0
test2859,config3_hybrid,1.0,0.5,0.63093
test2872,config3_hybrid,1.0,1.0,1.0
test2874,config3_hybrid,0.0,0.0,0.0
test2881,config3_hybrid,1.0,0.5,0.63093
test2885,config3_hybrid,1.0,1.0,1.0
test2890,config3_hybrid,1.0,1.0,1.0
test2899,config3_hybrid,1.0,1.0,1.0
test2920,config3_hybrid,1.0,0.333333,0.5
test2932,config3_hybrid,0.0,0.0,0.0
test2933,config3_hybrid,0.0,0.0,0.0
test2939,config3_hybrid,0.0,0.0,0.0
test2940,config3_hybrid,0.0,0.0,0.0
test2942,config3_hybrid,0.0,0.0,0.0
test2947,config3_hybrid,0.0,0.0,0.0
test2952,config3_hybrid,0.0,0.0,0.0
test2957,config3_hybrid,0.0,0.0,0.0
test2962,config3_hybrid,0.0,0.0,0.0
test2982,config3_hybrid,0.0,0.0,0.0
test2986,config3_hybrid,0.0,0.0,0.0
test2988,config3_hybrid,0.0,0.0,0.0
test2989,config3_hybrid,0.0,0.0,0.0
test2992,config3_hybrid,0.0,0.0,0.0
test2997,config3_hybrid,0.0,0.0,0.0
test3013,config3_hybrid,0.0,0.0,0.0
test3016,config3_hybrid,0.0,0.0,0.0
test3033,config3_hybrid,0.0,0.0,0.0
test3037,config3_hybrid,0.0,0.0,0.0
test3051,config3_hybrid,0.0,0.0,0.0
test3059,config3_hybrid,0.0,0.0,0.0
test3063,config3_hybrid,0.0,0.0,0.0
test3075,config3_hybrid,0.0,0.0,0.0
test3086,config3_hybrid,0.0,0.0,0.0
test3093,config3_hybrid,0.0,0.0,0.0
test3095,config3_hybrid,0.0,0.0,0.0
test3108,config3_hybrid,0.0,0.0,0.0
test3110,config3_hybrid,0.0,0.0,0.0
test3115,config3_hybrid,0.0,0.0,0.0
test3120,config3_hybrid,0.0,0.0,0.0
test3123,config3_hybrid,0.0,0.0,0.0
test3127,config3_hybrid,0.0,0.0,0.0
test3132,config3_hybrid,0.0,0.0,0.0
test3136,config3_hybrid,0.0,0.0,0.0
test3147,config3_hybrid,0.0,0.0,0.0
test3148,config3_hybrid,0.0,0.0,0.0
test3157,config3_hybrid,0.0,0.0,0.0
test3163,config3_hybrid,0.0,0.0,0.0
test3166,config3_hybrid,0.0,0.0,0.0
test3176,config3_hybrid,0.0,0.0,0.0
test3178,config3_hybrid,0.0,0.0,0.0
test3187,config3_hybrid,0.0,0.0,0.0
test3189,config3_hybrid,0.0,0.0,0.0
test3202,config3_hybrid,0.0,0.0,0.0
test3205,config3_hybrid,0.0,0.0,0.0
test3213,config3_hybrid,0.0,0.0,0.0
test3239,config3_hybrid,0.0,0.0,0.0
test3241,config3_hybrid,0.0,0.0,0.0
test3244,config3_hybrid,0.0,0.0,0.0
test3248,config3_hybrid,0.0,0.0,0.0
test3259,config3_hybrid,0.0,0.0,0.0
test3261,config3_hybrid,0.0,0.0,0.0
test3283,config3_hybrid,0.0,0.0,0.0
test3297,config3_hybrid,0.0,0.0,0.0
test3300,config3_hybrid,0.0,0.0,0.0
test3305,config3_hybrid,0.0,0.0,0.0
test3308,config3_hybrid,0.0,0.0,0.0
test3311,config3_hybrid,0.0,0.0,0.0
test3315,config3_hybrid,0.0,0.0,0.0
test3328,config3_hybrid,0.0,0.0,0.0
test3334,config3_hybrid,0.0,0.0,0.0
test3351,config3_hybrid,0.0,0.0,0.0
test3388,config3_hybrid,0.0,0.0,0.0
test3391,config3_hybrid,0.0,0.0,0.0
test3396,config3_hybrid,0.0,0.0,0.0
test3401,config3_hybrid,0.0,0.0,0.0
test3407,config3_hybrid,0.0,0.0,0.0
test3408,config3_hybrid,0.0,0.0,0.0
test3409,config3_hybrid,0.0,0.0,0.0
test3420,config3_hybrid,0.0,0.0,0.0
test3424,config3_hybrid,0.0,0.0,0.0
test3426,config3_hybrid,0.0,0.0,0.0
test3436,config3_hybrid,0.0,0.0,0.0
test3444,config3_hybrid,0.0,0.0,0.0
test3450,config3_hybrid,0.0,0.0,0.0
test2,config4_hybrid_rerank,1.0,1.0,1.0
test8,config4_hybrid_rerank,0.0,0.0,0.0
test13,config4_hybrid_rerank,1.0,0.333333,0.5
test14,config4_hybrid_rerank,1.0,0.25,0.430677
test26,config4_hybrid_rerank,1.0,1.0,1.0
test29,config4_hybrid_rerank,1.0,0.25,0.430677
test32,config4_hybrid_rerank,0.5,1.0,0.613147
test38,config4_hybrid_rerank,0.0,0.0,0.0
test39,config4_hybrid_rerank,0.0,0.0,0.0
test47,config4_hybrid_rerank,1.0,1.0,1.0
test60,config4_hybrid_rerank,1.0,1.0,1.0
test79,config4_hybrid_rerank,1.0,1.0,1.0
test86,config4_hybrid_rerank,1.0,0.333333,0.5
test102,config4_hybrid_rerank,0.0,0.0,0.0
test108,config4_hybrid_rerank,1.0,0.5,0.63093
test122,config4_hybrid_rerank,1.0,0.5,0.63093
test128,config4_hybrid_rerank,1.0,0.5,0.63093
test130,config4_hybrid_rerank,0.5,1.0,0.613147
test131,config4_hybrid_rerank,0.0,0.0,0.0
test147,config4_hybrid_rerank,1.0,1.0,1.0
test162,config4_hybrid_rerank,1.0,1.0,1.0
test163,config4_hybrid_rerank,0.333333,0.2,0.181542
test171,config4_hybrid_rerank,1.0,1.0,1.0
test177,config4_hybrid_rerank,1.0,1.0,1.0
test180,config4_hybrid_rerank,1.0,1.0,1.0
test187,config4_hybrid_rerank,1.0,1.0,1.0
test192,config4_hybrid_rerank,0.5,1.0,0.613147
test205,config4_hybrid_rerank,1.0,0.333333,0.570642
test207,config4_hybrid_rerank,1.0,1.0,1.0
test208,config4_hybrid_rerank,1.0,0.5,0.63093
test221,config4_hybrid_rerank,1.0,1.0,1.0
test229,config4_hybrid_rerank,1.0,0.2,0.386853
test232,config4_hybrid_rerank,0.5,0.5,0.386853
test234,config4_hybrid_rerank,0.0,0.0,0.0
test237,config4_hybrid_rerank,1.0,1.0,1.0
test239,config4_hybrid_rerank,0.5,0.2,0.237198
test240,config4_hybrid_rerank,0.0,0.0,0.0
test241,config4_hybrid_rerank,1.0,0.5,0.650921
test248,config4_hybrid_rerank,1.0,1.0,1.0
test249,config4_hybrid_rerank,0.333333,0.5,0.296082
test260,config4_hybrid_rerank,0.0,0.0,0.0
test262,config4_hybrid_rerank,1.0,1.0,1.0
test271,config4_hybrid_rerank,1.0,1.0,1.0
test276,config4_hybrid_rerank,1.0,0.333333,0.5
test278,config4_hybrid_rerank,0.5,0.5,0.386853
test280,config4_hybrid_rerank,1.0,1.0,1.0
test281,config4_hybrid_rerank,1.0,1.0,1.0
test283,config4_hybrid_rerank,1.0,1.0,0.850345
test284,config4_hybrid_rerank,1.0,0.2,0.386853
test290,config4_hybrid_rerank,1.0,1.0,1.0
test292,config4_hybrid_rerank,1.0,0.5,0.63093
test297,config4_hybrid_rerank,1.0,1.0,1.0
test300,config4_hybrid_rerank,1.0,1.0,1.0
test308,config4_hybrid_rerank,1.0,1.0,1.0
test322,config4_hybrid_rerank,1.0,1.0,1.0
test326,config4_hybrid_rerank,1.0,1.0,1.0
test328,config4_hybrid_rerank,1.0,1.0,1.0
test335,config4_hybrid_rerank,1.0,1.0,0.850345
test350,config4_hybrid_rerank,1.0,1.0,1.0
test356,config4_hybrid_rerank,1.0,0.25,0.430677
test372,config4_hybrid_rerank,1.0,1.0,1.0
test378,config4_hybrid_rerank,1.0,0.5,0.63093
test379,config4_hybrid_rerank,1.0,1.0,1.0
test382,config4_hybrid_rerank,1.0,1.0,1.0
test383,config4_hybrid_rerank,1.0,1.0,1.0
test386,config4_hybrid_rerank,0.0,0.0,0.0
test396,config4_hybrid_rerank,0.0,0.0,0.0
test397,config4_hybrid_rerank,1.0,1.0,1.0
test401,config4_hybrid_rerank,1.0,1.0,1.0
test403,config4_hybrid_rerank,1.0,0.5,0.63093
test409,config4_hybrid_rerank,0.0,0.0,0.0
test413,config4_hybrid_rerank,1.0,0.5,0.63093
test418,config4_hybrid_rerank,1.0,0.5,0.63093
test419,config4_hybrid_rerank,1.0,1.0,1.0
test421,config4_hybrid_rerank,1.0,1.0,1.0
test424,config4_hybrid_rerank,0.0,0.0,0.0
test435,config4_hybrid_rerank,1.0,1.0,1.0
test438,config4_hybrid_rerank,0.5,1.0,0.613147
test447,config4_hybrid_rerank,0.333333,0.5,0.296082
test449,config4_hybrid_rerank,1.0,0.25,0.430677
test456,config4_hybrid_rerank,1.0,1.0,1.0
test458,config4_hybrid_rerank,1.0,1.0,1.0
test469,config4_hybrid_rerank,0.5,1.0,0.613147
test472,config4_hybrid_rerank,1.0,0.5,0.63093
test491,config4_hybrid_rerank,1.0,1.0,1.0
test495,config4_hybrid_rerank,0.5,0.5,0.386853
test511,config4_hybrid_rerank,1.0,0.5,0.63093
test515,config4_hybrid_rerank,0.0,0.0,0.0
test522,config4_hybrid_rerank,1.0,1.0,1.0
test525,config4_hybrid_rerank,1.0,0.5,0.693426
test535,config4_hybrid_rerank,0.5,1.0,0.613147
test536,config4_hybrid_rerank,1.0,1.0,1.0
test541,config4_hybrid_rerank,1.0,1.0,1.0
test542,config4_hybrid_rerank,0.0,0.0,0.0
test550,config4_hybrid_rerank,0.0,0.0,0.0
test566,config4_hybrid_rerank,1.0,1.0,1.0
test571,config4_hybrid_rerank,0.5,1.0,0.613147
test574,config4_hybrid_rerank,0.5,1.0,0.613147
test585,config4_hybrid_rerank,1.0,1.0,1.0
test606,config4_hybrid_rerank,0.0,0.0,0.0
test610,config4_hybrid_rerank,1.0,0.5,0.63093
test626,config4_hybrid_rerank,0.0,0.0,0.0
test634,config4_hybrid_rerank,0.0,0.0,0.0
test636,config4_hybrid_rerank,0.0,0.0,0.0
test644,config4_hybrid_rerank,1.0,1.0,1.0
test646,config4_hybrid_rerank,1.0,0.333333,0.5
test647,config4_hybrid_rerank,0.0,0.0,0.0
test653,config4_hybrid_rerank,1.0,1.0,1.0
test655,config4_hybrid_rerank,1.0,0.5,0.63093
test661,config4_hybrid_rerank,1.0,1.0,1.0
test666,config4_hybrid_rerank,0.5,0.333333,0.306574
test669,config4_hybrid_rerank,0.0,0.0,0.0
test674,config4_hybrid_rerank,0.0,0.0,0.0
test676,config4_hybrid_rerank,1.0,1.0,0.967468
test681,config4_hybrid_rerank,0.0,0.0,0.0
test700,config4_hybrid_rerank,1.0,1.0,1.0
test731,config4_hybrid_rerank,1.0,0.25,0.430677
test751,config4_hybrid_rerank,1.0,1.0,1.0
test761,config4_hybrid_rerank,0.0,0.0,0.0
test777,config4_hybrid_rerank,0.0,0.0,0.0
test779,config4_hybrid_rerank,0.0,0.0,0.0
test784,config4_hybrid_rerank,1.0,0.5,0.63093
test787,config4_hybrid_rerank,0.0,0.0,0.0
test814,config4_hybrid_rerank,1.0,1.0,1.0
test823,config4_hybrid_rerank,1.0,1.0,1.0
test833,config4_hybrid_rerank,0.0,0.0,0.0
test836,config4_hybrid_rerank,0.0,0.0,0.0
test858,config4_hybrid_rerank,1.0,1.0,1.0
test860,config4_hybrid_rerank,0.0,0.0,0.0
test862,config4_hybrid_rerank,1.0,1.0,1.0
test864,config4_hybrid_rerank,0.0,0.0,0.0
test867,config4_hybrid_rerank,1.0,0.5,0.63093
test870,config4_hybrid_rerank,1.0,1.0,1.0
test873,config4_hybrid_rerank,1.0,1.0,1.0
test875,config4_hybrid_rerank,0.0,0.0,0.0
test877,config4_hybrid_rerank,0.0,0.0,0.0
test881,config4_hybrid_rerank,1.0,0.5,0.63093
test891,config4_hybrid_rerank,1.0,0.5,0.63093
test895,config4_hybrid_rerank,1.0,1.0,1.0
test898,config4_hybrid_rerank,0.0,0.0,0.0
test899,config4_hybrid_rerank,1.0,1.0,1.0
test902,config4_hybrid_rerank,1.0,0.5,0.63093
test914,config4_hybrid_rerank,1.0,1.0,1.0
test920,config4_hybrid_rerank,1.0,0.5,0.63093
test933,config4_hybrid_rerank,0.0,0.0,0.0
test937,config4_hybrid_rerank,0.0,0.0,0.0
test938,config4_hybrid_rerank,0.0,0.0,0.0
test942,config4_hybrid_rerank,0.5,0.333333,0.363318
test952,config4_hybrid_rerank,1.0,0.5,0.63093
test953,config4_hybrid_rerank,1.0,0.5,0.63093
test963,config4_hybrid_rerank,0.0,0.0,0.0
test968,config4_hybrid_rerank,1.0,1.0,1.0
test974,config4_hybrid_rerank,0.0,0.0,0.0
test977,config4_hybrid_rerank,1.0,0.25,0.430677
test980,config4_hybrid_rerank,1.0,0.5,0.63093
test986,config4_hybrid_rerank,1.0,0.2,0.386853
test995,config4_hybrid_rerank,0.0,0.0,0.0
test1000,config4_hybrid_rerank,1.0,1.0,1.0
test1002,config4_hybrid_rerank,1.0,1.0,1.0
test1003,config4_hybrid_rerank,1.0,1.0,1.0
test1008,config4_hybrid_rerank,0.0,0.0,0.0
test1010,config4_hybrid_rerank,0.0,0.0,0.0
test1015,config4_hybrid_rerank,1.0,1.0,1.0
test1018,config4_hybrid_rerank,0.5,0.333333,0.306574
test1022,config4_hybrid_rerank,1.0,1.0,1.0
test1023,config4_hybrid_rerank,0.5,1.0,0.613147
test1028,config4_hybrid_rerank,0.0,0.0,0.0
test1029,config4_hybrid_rerank,1.0,1.0,0.919721
test1068,config4_hybrid_rerank,1.0,1.0,1.0
test1072,config4_hybrid_rerank,1.0,1.0,1.0
test1076,config4_hybrid_rerank,0.0,0.0,0.0
test1078,config4_hybrid_rerank,0.0,0.0,0.0
test1081,config4_hybrid_rerank,1.0,1.0,1.0
test1083,config4_hybrid_rerank,0.0,0.0,0.0
test1084,config4_hybrid_rerank,1.0,1.0,1.0
test1085,config4_hybrid_rerank,1.0,0.2,0.386853
test1086,config4_hybrid_rerank,1.0,1.0,1.0
test1087,config4_hybrid_rerank,0.0,0.0,0.0
test1092,config4_hybrid_rerank,1.0,1.0,1.0
test1093,config4_hybrid_rerank,1.0,0.333333,0.5
test1096,config4_hybrid_rerank,0.5,0.5,0.386853
test1105,config4_hybrid_rerank,1.0,0.5,0.63093
test1115,config4_hybrid_rerank,0.0,0.0,0.0
test1126,config4_hybrid_rerank,0.0,0.0,0.0
test1133,config4_hybrid_rerank,0.0,0.0,0.0
test1138,config4_hybrid_rerank,1.0,1.0,1.0
test1139,config4_hybrid_rerank,1.0,1.0,1.0
test1140,config4_hybrid_rerank,1.0,1.0,1.0
test1154,config4_hybrid_rerank,0.0,0.0,0.0
test1167,config4_hybrid_rerank,1.0,0.2,0.386853
test1168,config4_hybrid_rerank,1.0,1.0,1.0
test1185,config4_hybrid_rerank,1.0,1.0,1.0
test1200,config4_hybrid_rerank,1.0,1.0,1.0
test1202,config4_hybrid_rerank,1.0,0.2,0.386853
test1215,config4_hybrid_rerank,1.0,1.0,1.0
test1222,config4_hybrid_rerank,0.0,0.0,0.0
test1226,config4_hybrid_rerank,1.0,1.0,1.0
test1228,config4_hybrid_rerank,1.0,1.0,1.0
test1239,config4_hybrid_rerank,1.0,1.0,1.0
test1259,config4_hybrid_rerank,1.0,1.0,1.0
test1262,config4_hybrid_rerank,1.0,0.5,0.63093
test1276,config4_hybrid_rerank,1.0,1.0,1.0
test1284,config4_hybrid_rerank,1.0,0.5,0.63093
test1286,config4_hybrid_rerank,1.0,1.0,1.0
test1288,config4_hybrid_rerank,1.0,1.0,1.0
test1292,config4_hybrid_rerank,1.0,1.0,1.0
test1295,config4_hybrid_rerank,1.0,0.333333,0.5
test1327,config4_hybrid_rerank,1.0,1.0,1.0
test1328,config4_hybrid_rerank,0.333333,1.0,0.469279
test1353,config4_hybrid_rerank,1.0,0.25,0.430677
test1366,config4_hybrid_rerank,0.0,0.0,0.0
test1378,config4_hybrid_rerank,0.5,0.333333,0.306574
test1384,config4_hybrid_rerank,1.0,1.0,1.0
test1389,config4_hybrid_rerank,1.0,0.5,0.63093
test1393,config4_hybrid_rerank,0.5,0.2,0.237198
test1404,config4_hybrid_rerank,1.0,1.0,1.0
test1408,config4_hybrid_rerank,0.0,0.0,0.0
test1429,config4_hybrid_rerank,1.0,1.0,1.0
test1448,config4_hybrid_rerank,1.0,1.0,1.0
test1451,config4_hybrid_rerank,0.666667,1.0,0.671386
test1455,config4_hybrid_rerank,1.0,1.0,0.919721
test1465,config4_hybrid_rerank,1.0,1.0,1.0
test1470,config4_hybrid_rerank,0.5,1.0,0.613147
test1481,config4_hybrid_rerank,1.0,1.0,1.0
test1482,config4_hybrid_rerank,1.0,1.0,0.919721
test1486,config4_hybrid_rerank,1.0,1.0,1.0
test1493,config4_hybrid_rerank,0.0,0.0,0.0
test1494,config4_hybrid_rerank,1.0,1.0,1.0
test1512,config4_hybrid_rerank,0.5,0.333333,0.306574
test1513,config4_hybrid_rerank,1.0,0.2,0.386853
test1516,config4_hybrid_rerank,1.0,1.0,1.0
test1529,config4_hybrid_rerank,0.0,0.0,0.0
test1531,config4_hybrid_rerank,1.0,1.0,1.0
test1550,config4_hybrid_rerank,1.0,1.0,1.0
test1552,config4_hybrid_rerank,1.0,0.25,0.430677
test1554,config4_hybrid_rerank,1.0,1.0,1.0
test1556,config4_hybrid_rerank,1.0,1.0,1.0
test1563,config4_hybrid_rerank,1.0,1.0,0.919721
test1576,config4_hybrid_rerank,1.0,1.0,1.0
test1599,config4_hybrid_rerank,1.0,0.333333,0.5
test1620,config4_hybrid_rerank,1.0,1.0,1.0
test1621,config4_hybrid_rerank,1.0,1.0,1.0
test1634,config4_hybrid_rerank,0.0,0.0,0.0
test1635,config4_hybrid_rerank,0.5,1.0,0.613147
test1642,config4_hybrid_rerank,1.0,0.5,0.63093
test1643,config4_hybrid_rerank,1.0,0.25,0.430677
test1649,config4_hybrid_rerank,1.0,1.0,1.0
test1653,config4_hybrid_rerank,1.0,1.0,1.0
test1664,config4_hybrid_rerank,0.0,0.0,0.0
test1667,config4_hybrid_rerank,0.333333,0.25,0.202107
test1683,config4_hybrid_rerank,0.0,0.0,0.0
test1717,config4_hybrid_rerank,1.0,1.0,1.0
test1718,config4_hybrid_rerank,1.0,0.5,0.63093
test1728,config4_hybrid_rerank,0.0,0.0,0.0
test1729,config4_hybrid_rerank,1.0,1.0,1.0
test1731,config4_hybrid_rerank,0.0,0.0,0.0
test1732,config4_hybrid_rerank,1.0,1.0,1.0
test1733,config4_hybrid_rerank,1.0,0.5,0.63093
test1734,config4_hybrid_rerank,1.0,1.0,1.0
test1751,config4_hybrid_rerank,0.5,0.5,0.386853
test1754,config4_hybrid_rerank,0.0,0.0,0.0
test1760,config4_hybrid_rerank,0.0,0.0,0.0
test1765,config4_hybrid_rerank,0.0,0.0,0.0
test1780,config4_hybrid_rerank,1.0,0.5,0.693426
test1794,config4_hybrid_rerank,1.0,1.0,1.0
test1809,config4_hybrid_rerank,0.0,0.0,0.0
test1815,config4_hybrid_rerank,1.0,1.0,1.0
test1837,config4_hybrid_rerank,1.0,0.25,0.430677
test1839,config4_hybrid_rerank,0.5,0.333333,0.306574
test1849,config4_hybrid_rerank,1.0,0.5,0.63093
test1857,config4_hybrid_rerank,0.0,0.0,0.0
test1858,config4_hybrid_rerank,1.0,1.0,1.0
test1863,config4_hybrid_rerank,1.0,1.0,1.0
test1872,config4_hybrid_rerank,0.0,0.0,0.0
test1877,config4_hybrid_rerank,1.0,1.0,1.0
test1879,config4_hybrid_rerank,0.666667,0.5,0.530721
test1881,config4_hybrid_rerank,1.0,0.333333,0.5
test1893,config4_hybrid_rerank,1.0,0.333333,0.5
test1894,config4_hybrid_rerank,0.0,0.0,0.0
test1912,config4_hybrid_rerank,1.0,0.5,0.63093
test1917,config4_hybrid_rerank,1.0,1.0,1.0
test1936,config4_hybrid_rerank,1.0,0.333333,0.5
test1937,config4_hybrid_rerank,1.0,1.0,1.0
test1946,config4_hybrid_rerank,0.0,0.0,0.0
test1952,config4_hybrid_rerank,1.0,1.0,1.0
test1971,config4_hybrid_rerank,1.0,1.0,1.0
test1988,config4_hybrid_rerank,1.0,0.5,0.63093
test1989,config4_hybrid_rerank,1.0,1.0,1.0
test1990,config4_hybrid_rerank,1.0,1.0,1.0
test1993,config4_hybrid_rerank,0.0,0.0,0.0
test2001,config4_hybrid_rerank,1.0,1.0,1.0
test2021,config4_hybrid_rerank,0.0,0.0,0.0
test2044,config4_hybrid_rerank,1.0,0.5,0.63093
test2050,config4_hybrid_rerank,0.5,0.5,0.386853
test2059,config4_hybrid_rerank,0.0,0.0,0.0
test2069,config4_hybrid_rerank,1.0,1.0,1.0
test2070,config4_hybrid_rerank,1.0,1.0,1.0
test2072,config4_hybrid_rerank,1.0,1.0,1.0
test2079,config4_hybrid_rerank,1.0,1.0,1.0
test2080,config4_hybrid_rerank,1.0,0.333333,0.5
test2087,config4_hybrid_rerank,1.0,1.0,1.0
test2105,config4_hybrid_rerank,0.5,0.333333,0.306574
test2119,config4_hybrid_rerank,0.0,0.0,0.0
test2141,config4_hybrid_rerank,1.0,1.0,1.0
test2161,config4_hybrid_rerank,0.0,0.0,0.0
test2166,config4_hybrid_rerank,0.0,0.0,0.0
test2167,config4_hybrid_rerank,1.0,1.0,1.0
test2172,config4_hybrid_rerank,1.0,1.0,1.0
test2175,config4_hybrid_rerank,1.0,0.5,0.63093
test2181,config4_hybrid_rerank,1.0,1.0,1.0
test2187,config4_hybrid_rerank,1.0,1.0,1.0
test2196,config4_hybrid_rerank,1.0,0.333333,0.5
test2199,config4_hybrid_rerank,1.0,1.0,1.0
test2202,config4_hybrid_rerank,1.0,1.0,1.0
test2207,config4_hybrid_rerank,0.5,1.0,0.613147
test2208,config4_hybrid_rerank,1.0,1.0,1.0
test2209,config4_hybrid_rerank,0.0,0.0,0.0
test2214,config4_hybrid_rerank,1.0,1.0,1.0
test2220,config4_hybrid_rerank,1.0,0.5,0.63093
test2225,config4_hybrid_rerank,0.0,0.0,0.0
test2232,config4_hybrid_rerank,0.0,0.0,0.0
test2233,config4_hybrid_rerank,1.0,1.0,1.0
test2234,config4_hybrid_rerank,0.0,0.0,0.0
test2251,config4_hybrid_rerank,0.0,0.0,0.0
test2254,config4_hybrid_rerank,1.0,1.0,1.0
test2259,config4_hybrid_rerank,0.0,0.0,0.0
test2261,config4_hybrid_rerank,1.0,1.0,1.0
test2263,config4_hybrid_rerank,1.0,0.5,0.63093
test2266,config4_hybrid_rerank,1.0,0.5,0.693426
test2268,config4_hybrid_rerank,1.0,1.0,1.0
test2271,config4_hybrid_rerank,1.0,1.0,0.919721
test2276,config4_hybrid_rerank,1.0,1.0,1.0
test2281,config4_hybrid_rerank,1.0,0.333333,0.5
test2293,config4_hybrid_rerank,1.0,0.333333,0.5
test2297,config4_hybrid_rerank,1.0,1.0,1.0
test2298,config4_hybrid_rerank,1.0,1.0,1.0
test2299,config4_hybrid_rerank,1.0,0.5,0.63093
test2306,config4_hybrid_rerank,1.0,1.0,1.0
test2315,config4_hybrid_rerank,0.5,0.25,0.264068
test2323,config4_hybrid_rerank,1.0,0.5,0.63093
test2333,config4_hybrid_rerank,0.0,0.0,0.0
test2338,config4_hybrid_rerank,1.0,0.5,0.63093
test2360,config4_hybrid_rerank,0.0,0.0,0.0
test2364,config4_hybrid_rerank,1.0,1.0,1.0
test2371,config4_hybrid_rerank,1.0,1.0,0.919721
test2372,config4_hybrid_rerank,1.0,1.0,1.0
test2385,config4_hybrid_rerank,1.0,1.0,1.0
test2390,config4_hybrid_rerank,1.0,1.0,1.0
test2392,config4_hybrid_rerank,0.0,0.0,0.0
test2394,config4_hybrid_rerank,1.0,1.0,1.0
test2409,config4_hybrid_rerank,0.0,0.0,0.0
test2410,config4_hybrid_rerank,1.0,0.333333,0.5
test2413,config4_hybrid_rerank,1.0,1.0,1.0
test2418,config4_hybrid_rerank,1.0,1.0,1.0
test2435,config4_hybrid_rerank,1.0,0.2,0.386853
test2437,config4_hybrid_rerank,1.0,0.5,0.63093
test2440,config4_hybrid_rerank,1.0,1.0,1.0
test2442,config4_hybrid_rerank,1.0,1.0,1.0
test2453,config4_hybrid_rerank,1.0,1.0,1.0
test2465,config4_hybrid_rerank,1.0,1.0,1.0
test2472,config4_hybrid_rerank,1.0,1.0,1.0
test2477,config4_hybrid_rerank,1.0,0.2,0.386853
test2484,config4_hybrid_rerank,1.0,1.0,1.0
test2494,config4_hybrid_rerank,0.0,0.0,0.0
test2495,config4_hybrid_rerank,1.0,1.0,1.0
test2505,config4_hybrid_rerank,0.0,0.0,0.0
test2533,config4_hybrid_rerank,1.0,0.5,0.63093
test2536,config4_hybrid_rerank,0.5,1.0,0.613147
test2544,config4_hybrid_rerank,0.333333,0.5,0.296082
test2561,config4_hybrid_rerank,1.0,1.0,1.0
test2570,config4_hybrid_rerank,1.0,1.0,1.0
test2574,config4_hybrid_rerank,1.0,1.0,1.0
test2584,config4_hybrid_rerank,0.0,0.0,0.0
test2597,config4_hybrid_rerank,1.0,1.0,1.0
test2598,config4_hybrid_rerank,1.0,0.5,0.63093
test2600,config4_hybrid_rerank,1.0,1.0,1.0
test2603,config4_hybrid_rerank,0.0,0.0,0.0
test2609,config4_hybrid_rerank,1.0,1.0,1.0
test2617,config4_hybrid_rerank,1.0,1.0,1.0
test2619,config4_hybrid_rerank,1.0,1.0,1.0
test2621,config4_hybrid_rerank,1.0,1.0,1.0
test2625,config4_hybrid_rerank,1.0,0.5,0.650921
test2633,config4_hybrid_rerank,1.0,1.0,1.0
test2643,config4_hybrid_rerank,0.5,0.333333,0.306574
test2646,config4_hybrid_rerank,0.0,0.0,0.0
test2654,config4_hybrid_rerank,1.0,0.5,0.63093
test2661,config4_hybrid_rerank,1.0,1.0,0.850345
test2671,config4_hybrid_rerank,1.0,0.5,0.63093
test2676,config4_hybrid_rerank,0.0,0.0,0.0
test2678,config4_hybrid_rerank,0.0,0.0,0.0
test2684,config4_hybrid_rerank,1.0,1.0,1.0
test2692,config4_hybrid_rerank,1.0,1.0,0.850345
test2699,config4_hybrid_rerank,1.0,1.0,1.0
test2702,config4_hybrid_rerank,1.0,0.333333,0.5
test2708,config4_hybrid_rerank,1.0,0.5,0.63093
test2711,config4_hybrid_rerank,0.5,1.0,0.613147
test2717,config4_hybrid_rerank,0.0,0.0,0.0
test2731,config4_hybrid_rerank,0.0,0.0,0.0
test2735,config4_hybrid_rerank,0.5,0.5,0.386853
test2740,config4_hybrid_rerank,1.0,0.5,0.63093
test2743,config4_hybrid_rerank,1.0,1.0,1.0
test2745,config4_hybrid_rerank,1.0,1.0,1.0
test2751,config4_hybrid_rerank,1.0,1.0,1.0
test2758,config4_hybrid_rerank,1.0,1.0,1.0
test2765,config4_hybrid_rerank,1.0,1.0,1.0
test2771,config4_hybrid_rerank,1.0,1.0,1.0
test2786,config4_hybrid_rerank,1.0,0.25,0.430677
test2787,config4_hybrid_rerank,0.5,0.2,0.237198
test2792,config4_hybrid_rerank,1.0,1.0,1.0
test2793,config4_hybrid_rerank,0.0,0.0,0.0
test2799,config4_hybrid_rerank,1.0,1.0,1.0
test2804,config4_hybrid_rerank,1.0,0.5,0.63093
test2815,config4_hybrid_rerank,0.0,0.0,0.0
test2818,config4_hybrid_rerank,1.0,0.5,0.624051
test2825,config4_hybrid_rerank,1.0,1.0,1.0
test2830,config4_hybrid_rerank,1.0,1.0,1.0
test2853,config4_hybrid_rerank,1.0,1.0,1.0
test2859,config4_hybrid_rerank,1.0,0.5,0.63093
test2872,config4_hybrid_rerank,1.0,1.0,1.0
test2874,config4_hybrid_rerank,1.0,0.5,0.63093
test2881,config4_hybrid_rerank,1.0,1.0,1.0
test2885,config4_hybrid_rerank,1.0,0.5,0.63093
test2890,config4_hybrid_rerank,1.0,1.0,1.0
test2899,config4_hybrid_rerank,1.0,1.0,1.0
test2920,config4_hybrid_rerank,0.0,0.0,0.0
test2932,config4_hybrid_rerank,0.0,0.0,0.0
test2933,config4_hybrid_rerank,0.0,0.0,0.0
test2939,config4_hybrid_rerank,0.0,0.0,0.0
test2940,config4_hybrid_rerank,0.0,0.0,0.0
test2942,config4_hybrid_rerank,0.0,0.0,0.0
test2947,config4_hybrid_rerank,0.0,0.0,0.0
test2952,config4_hybrid_rerank,0.0,0.0,0.0
test2957,config4_hybrid_rerank,0.0,0.0,0.0
test2962,config4_hybrid_rerank,0.0,0.0,0.0
test2982,config4_hybrid_rerank,0.0,0.0,0.0
test2986,config4_hybrid_rerank,0.0,0.0,0.0
test2988,config4_hybrid_rerank,0.0,0.0,0.0
test2989,config4_hybrid_rerank,0.0,0.0,0.0
test2992,config4_hybrid_rerank,0.0,0.0,0.0
test2997,config4_hybrid_rerank,0.0,0.0,0.0
test3013,config4_hybrid_rerank,0.0,0.0,0.0
test3016,config4_hybrid_rerank,0.0,0.0,0.0
test3033,config4_hybrid_rerank,0.0,0.0,0.0
test3037,config4_hybrid_rerank,0.0,0.0,0.0
test3051,config4_hybrid_rerank,0.0,0.0,0.0
test3059,config4_hybrid_rerank,0.0,0.0,0.0
test3063,config4_hybrid_rerank,0.0,0.0,0.0
test3075,config4_hybrid_rerank,0.0,0.0,0.0
test3086,config4_hybrid_rerank,0.0,0.0,0.0
test3093,config4_hybrid_rerank,0.0,0.0,0.0
test3095,config4_hybrid_rerank,0.0,0.0,0.0
test3108,config4_hybrid_rerank,0.0,0.0,0.0
test3110,config4_hybrid_rerank,0.0,0.0,0.0
test3115,config4_hybrid_rerank,0.0,0.0,0.0
test3120,config4_hybrid_rerank,0.0,0.0,0.0
test3123,config4_hybrid_rerank,0.0,0.0,0.0
test3127,config4_hybrid_rerank,0.0,0.0,0.0
test3132,config4_hybrid_rerank,0.0,0.0,0.0
test3136,config4_hybrid_rerank,0.0,0.0,0.0
test3147,config4_hybrid_rerank,0.0,0.0,0.0
test3148,config4_hybrid_rerank,0.0,0.0,0.0
test3157,config4_hybrid_rerank,0.0,0.0,0.0
test3163,config4_hybrid_rerank,0.0,0.0,0.0
test3166,config4_hybrid_rerank,0.0,0.0,0.0
test3176,config4_hybrid_rerank,0.0,0.0,0.0
test3178,config4_hybrid_rerank,0.0,0.0,0.0
test3187,config4_hybrid_rerank,0.0,0.0,0.0
test3189,config4_hybrid_rerank,0.0,0.0,0.0
test3202,config4_hybrid_rerank,0.0,0.0,0.0
test3205,config4_hybrid_rerank,0.0,0.0,0.0
test3213,config4_hybrid_rerank,0.0,0.0,0.0
test3239,config4_hybrid_rerank,0.0,0.0,0.0
test3241,config4_hybrid_rerank,0.0,0.0,0.0
test3244,config4_hybrid_rerank,0.0,0.0,0.0
test3248,config4_hybrid_rerank,0.0,0.0,0.0
test3259,config4_hybrid_rerank,0.0,0.0,0.0
test3261,config4_hybrid_rerank,0.0,0.0,0.0
test3283,config4_hybrid_rerank,0.0,0.0,0.0
test3297,config4_hybrid_rerank,0.0,0.0,0.0
test3300,config4_hybrid_rerank,0.0,0.0,0.0
test3305,config4_hybrid_rerank,0.0,0.0,0.0
test3308,config4_hybrid_rerank,0.0,0.0,0.0
test3311,config4_hybrid_rerank,0.0,0.0,0.0
test3315,config4_hybrid_rerank,0.0,0.0,0.0
test3328,config4_hybrid_rerank,0.0,0.0,0.0
test3334,config4_hybrid_rerank,0.0,0.0,0.0
test3351,config4_hybrid_rerank,0.0,0.0,0.0
test3388,config4_hybrid_rerank,0.0,0.0,0.0
test3391,config4_hybrid_rerank,0.0,0.0,0.0
test3396,config4_hybrid_rerank,0.0,0.0,0.0
test3401,config4_hybrid_rerank,0.0,0.0,0.0
test3407,config4_hybrid_rerank,0.0,0.0,0.0
test3408,config4_hybrid_rerank,0.0,0.0,0.0
test3409,config4_hybrid_rerank,0.0,0.0,0.0
test3420,config4_hybrid_rerank,0.0,0.0,0.0
test3424,config4_hybrid_rerank,0.0,0.0,0.0
test3426,config4_hybrid_rerank,0.0,0.0,0.0
test3436,config4_hybrid_rerank,0.0,0.0,0.0
test3444,config4_hybrid_rerank,0.0,0.0,0.0
test3450,config4_hybrid_rerank,0.0,0.0,0.0
